:020000040040BA
:1000000018A34420B55B4000A95D4000355D400069
:10001000F55D4000495D4000415E40000000000089
:10002000000000000000000000000000795F4000B8
:10003000815E400000000000C56140002962400070
:100040005D5D40005D5D40005D5D40005D5D4000C8
:100050005D5D40005D5D40005D5D40005D5D4000B8
:100060005D5D4000000000005D5D40005D5D4000A2
:100070005D5D40005D5D4000995740005D5D400062
:100080005D5D40005D5D40005D5D40005D5D400088
:100090005D5D4000654D40005D5D40005D5D400080
:1000A0005D5D40005D5D40005D5D40005D5D400068
:1000B0005D5D40005D5D40005D5D40005D5D400058
:1000C0005D5D40005D5D40005D5D40005D5D400048
:1000D0005D5D40005D5D40005D5D40005D5D400038
:1000E0005D5D40005D5D40005D5D40005D5D400028
:1000F0005D5D40005D5D40005D5D40005D5D400018
:100100005D5D40005D5D40005D5D40005D5D400007
:100110005D5D40005D5D40000000000000000000EB
:100120005D5D40005D5D40005D5D40005D5D4000E7
:100130005D5D40005D5D4000000000005D5D4000D1
:100140005D5D40005D5D40005D5D40005D5D4000C7
:100150005D5D40005D5D40005D5D40005D5D4000B7
:100160005D5D40005D5D40000348044B834202D06A
:10017000034B03B1184770471476410014764100D1
:10018000000000000548064B1B1AD90F01EBA30124
:10019000491002D0034B03B1184770471476410051
:1001A000147641000000000010B5064C237843B9D6
:1001B000FFF7DAFF044B13B10448AFF300800123CB
:1001C000237010BD10024020000000001476410092
:1001D00008B5054B1BB105490548AFF30080BDE8E4
:1001E0000840FFF7CFBF00BF00000000140240200E
:1001F0001476410080B582B000AF78607B6814331C
:10020000184601F025FB7B6803F6545318460DF0A1
:10021000C1FC7A68044B1344184606F07FFC00BF0B
:100220000837BD4680BD00BFE853020080B582B0EC
:1002300000AF78600EF0B4FA00BF0837BD4680BD4D
:1002400080B582B000AF78607B68DB69184603F048
:10025000ABF87B685B6A184600F0BAF800BF083755
:10026000BD4680BD80B584B000AF78607B681B68F8
:100270000C331B687A6864211046984700F08AFBAB
:100280007B681B6A184608F07BF87B681B6A184677
:1002900008F05AF90346FB607B685B6A184600F079
:1002A00025F90346FB6007F10C0318460EF0C1FF69
:1002B0000346002B02D01B4810F07CFB7B6898693A
:1002C0007B681B6A0222194602F008F80346FB60AD
:1002D00007F10C0318460EF0ACFF0346002B02D0CA
:1002E000114810F067FB7B68DA697B681B6A194666
:1002F000104603F093F80346FB6007F10C03184621
:100300000EF097FF0346002B02D0084810F052FB76
:100310007B681B680C331B687A6840F2E731104633
:100320009847F5E7502D4100782D4100A42D41005C
:1003300080B582B000AF786039603B68002B02D096
:1003400038680DF056FA00BF0837BD4680BD80B54D
:1003500082B000AF786079680020FFF7E9FF0837C6
:10036000BD4680BD80B483B000AF7860024B1846B4
:100370000C37BD4680BC70474F03400080B584B049
:1003800000AFF860B9607A60BB68002B03D0796871
:10039000B8680DF01FFA00BF1037BD4680BD80B5AC
:1003A00082B000AF786039603A6879680020FFF762
:1003B000E5FF0837BD4680BD80B483B000AF7860EC
:1003C000024B18460C37BD4680BC70479F03400067
:1003D000B0B584B000AF78607B68DC6807F10803D3
:1003E0001846FFF7BFFF054607F10C031846FFF755
:1003F000E3FF03462A467968204601F0CFFE00BF9E
:100400001037BD46B0BD000080B584B000AF786045
:1004100039600DF051FA0346002B03D0314938689A
:1004200007F074FC7B685B6A1B6808331B687A689A
:10043000526A3968104698470346FB73FB7B83F08A
:100440000103DBB2002B0BD07B689B6A1B6808336F
:100450001B687A68926A3968104698470346FB73AE
:10046000FB7B83F00103DBB2002B07D07B682C33CE
:100470003968184603F0FCFA0346FB73FB7B83F0F4
:100480000103DBB2002B08D07B6803F2E443396838
:10049000184603F0B3FB0346FB73FB7B83F00103B9
:1004A000DBB2002B0BD07B681B6A1B6808331B6810
:1004B0007A68126A3968104698470346FB73FB7BDB
:1004C00083F00103DBB2002B07D038680EF0E0FBAD
:1004D00003461946044810F0FDF9FB7B1846103717
:1004E000BD4680BDF5374000CC2D410080B588B0B9
:1004F00002AF78607B685B6907F110022321184620
:1005000007F0FCFF0346FB603B69FB75FB7D022B9C
:100510001BD0022B03DC002B03D0012B0BD00023BC
:10052000FB757B68586AF97D262300932D232A22C8
:1005300000F002FE13E07B68586AF97D25230093E2
:100540002E23292200F0F8FD09E07B68586AF97D26
:10055000242300932C23282200F0EEFD00BFFB682B
:1005600018461837BD4680BD80B584B000AF7860AE
:1005700039607B689B68184607F082FF0346FB6082
:1005800007F10C0318460EF044FE0346002B03D07F
:10059000386807F091FC03E04D21386807F0C4FC8F
:1005A00000BF1037BD4680BD80B586B000AFF86093
:1005B000B9607A603B60FB689B6879683A68184666
:1005C00007F075FF03467B6107F1140318460EF030
:1005D00020FE0346002B06D07B683A681946B868AF
:1005E00007F08CFC0DE0FB689B681B680C331B68F4
:1005F000FA6892681046984703461946B86807F0AB
:1006000093FC00BF1837BD4680BD80B586B000AFF3
:10061000F860B9607A6000233B61FB689B68796889
:1006200007F11002184607F069FF03467B6107F1E6
:10063000140318460EF0EDFD0346002B06D07B6830
:100640003A691946B86807F059FC0DE0FB689B68E9
:100650001B680C331B68FA6892681046984703467B
:100660001946B86807F060FC00BF1837BD4680BD6A
:1006700080B582B000AF786039607B689B680549BF
:10068000184608F07FF8386807F016FC00BF0837F6
:10069000BD4680BDF02D410080B582B000AF7860CE
:1006A00039607B68D8687B689B680222194601F034
:1006B00015FE386807F000FC00BF0837BD4680BD56
:1006C00080B586B000AFF860B9607A603B60FB68C7
:1006D00098683B6802333A6A194607F0E8FE034619
:1006E0007B6107F1140318460EF093FD034683F077
:1006F0000103DBB2002B0ED0FB689B681B680C3338
:100700001B68FA6892681046984703461946B8680D
:1007100007F00AFC05E03B683A6A1946B86807F03A
:10072000EDFB00BF1837BD4680BD80B586B000AF79
:10073000F860B9607A603B6000233B61FB689868B1
:100740003B680233194607F110031A4607F0D6FE3C
:1007500003467B6107F1140318460EF05AFD034669
:1007600083F00103DBB2002B0ED0FB689B681B6893
:100770000C331B68FA68926810469847034619467E
:10078000B86807F0D1FB05E03B683A691946B868DC
:1007900007F0B4FB00BF1837BD4680BD80B584B0FC
:1007A00000AF786039607B689B68184607F0CCFE24
:1007B0000346FB6007F10C0318460EF02AFD0346C2
:1007C000002B03D0386807F077FB03E05821386826
:1007D00007F0AAFB00BF1037BD4680BD80B584B0CE
:1007E00000AF786039607B68DB6818460DF018FB55
:1007F000034618460DF055FC03460133FB60F968CB
:10080000386807F069FB00BF1037BD4680BD80B572
:1008100084B000AFF860B9607A607B68013B7B60B0
:10082000FB68DB6818460DF0FBFA02467B68DBB21A
:100830001946104601F036FE0346002B0FD0FB6828
:10084000DB6818460DF0ECFA034618460DF029FC5B
:10085000034601331946B86807F03EFB03E0632105
:10086000B86807F061FB00BF1037BD4680BD0000CF
:1008700080B582B000AF786039607B68DB6805497D
:10088000184601F0B5FC386807F016FB00BF0837C2
:10089000BD4680BD002E410080B582B000AF7860BB
:1008A00039607B68D8687B689B680222194601F032
:1008B00015FD386807F000FB00BF0837BD4680BD56
:1008C00080B586B000AFF860B9607A60FB681B69DC
:1008D0007A68D2B21146184601F0CCFF03467B611C
:1008E0007B687A691946B86807F008FB00BF1837BB
:1008F000BD4680BD80B586B000AFF860B9607A6053
:100900003B60FB6818697B68D9B23B68012201F043
:1009100018FF03467B617A693B689A4206D17B687F
:100920007A691946B86807F0E9FA04E07B69194664
:10093000B86807F0F9FA00BF1837BD4680BD80B52A
:1009400084B000AF786039607B689B68184607F018
:1009500055FE0346FB6007F10C0318460EF059FCE8
:100960000346002B03D0386807F0A6FA0DE07B6839
:100970009B681B680C331B687A689268104698471E
:1009800003461946386807F0CFFA00BF1037BD4656
:1009900080BD000080B500AF094810F00BF8094891
:1009A00010F008F8084810F005F8084810F002F8B0
:1009B00007480FF0FFFF02480FF0FCFF00BF80BDAB
:1009C000102E4100302E4100542E4100842E410053
:1009D000A82E410080B582B000AF78603960FFF783
:1009E000D9FF386807F068FA00BF0837BD4680BDF8
:1009F00080B582B000AF786039600C480FF06AFFB4
:100A00007B689B6B184600F07BFB7B685B6B184632
:100A100000F0CAFE7B689B6A184602F015FE386833
:100A200007F04AFA00BF0837BD4680BDC42E41001A
:100A300080B582B000AF7860396011480FF0BAFF1E
:100A40007B681B6A184601F0A9F87B689B6A184608
:100A500002F024FE7B685B6A184601F0DDFB7B68D0
:100A6000DB6A1B6808331B687A68D26A10469847AD
:100A7000386807F021FA00BF0837BD4680BD00BFC7
:100A8000CC2E410080B582B000AF78603960084854
:100A90000FF090FF7B68DB691B6818331B687A686E
:100AA000D2691046984700BF0837BD4680BD00BFD9
:100AB000E02E410090B583B000AF786039607B686C
:100AC00003F1080438680EF058F903461946204629
:100AD0000EF08AF87B6803F10804002138680EF0F4
:100AE000F1F80346194620460EF06CF80346002B39
:100AF00006D1002138680EF0FBF80346072B01D120
:100B0000012300E00023002B12D07B6803F10804CE
:100B1000012138680EF0ECF80346072B0CBF0123C7
:100B20000023DBB251221946204606F0A5F81FE04B
:100B3000012138680EF0DCF80346072B0CBF0123B7
:100B40000023DBB2002B0CD07B6803F108040021EA
:100B500038680EF0B7F803461946204606F048F903
:100B600006E07B68083351220021184606F084F81D
:100B7000386807F0A1F900BF0C37BD4690BD0000F2
:100B800080B582B000AF786039600B4B1B7883F082
:100B90000103DAB2084B1A70074B1B78002B01D007
:100BA000064B00E0064B194606480FF093FE00BFC7
:100BB0000837BD4680BD00BF04004020002F410023
:100BC000042F4100082F410080B586B000AFF860C7
:100BD000B9607A60FB689B6818460DF0B4FB034669
:100BE000796818460DF08AFBFB68DB687A68342167
:100BF000184607F05CFC03467B6107F114031846B6
:100C00000EF007FB0346002B04D07968B86807F0A4
:100C100063F90DE0FB68DB681B680C331B68FA683E
:100C2000D2681046984703461946B86807F07CF921
:100C300000BF1837BD4680BD80B586B000AFF860F4
:100C4000B9607A60FB689B6818460DF07CFB034630
:100C5000796818460DF05FFBFB68DB687A68352120
:100C6000184607F024FC03467B6107F1140318467D
:100C70000EF0CFFA0346002B04D07968B86807F06D
:100C80002BF90DE0FB68DB681B680C331B68FA6806
:100C9000D2681046984703461946B86807F044F9E9
:100CA00000BF1837BD4680BD80B586B000AFF86084
:100CB000B9607A60FB689B6818460DF039FB034603
:100CC000796818460DF08EFBFB68DB687A68362180
:100CD000184607F0ECFB03467B6107F11403184646
:100CE0000EF097FA0346002B04D07968B86807F035
:100CF000F3F80DE0FB68DB681B680C331B68FA68CF
:100D0000D2681046984703461946B86807F00CF9B0
:100D100000BF1837BD4680BD80B586B000AFF86013
:100D2000B9607A60FB689B6818460DF001FB0346CA
:100D3000796818460DF063FBFB68DB687A68372139
:100D4000184607F0B4FB03467B6107F1140318460D
:100D50000EF05FFA0346002B04D07968B86807F0FC
:100D6000BBF80DE0FB68DB681B680C331B68FA6896
:100D7000D2681046984703461946B86807F0D4F879
:100D800000BF1837BD4680BD80B584B000AF786025
:100D900039607B68DB6807F108022321184607F0F9
:100DA000ADFB0346FB6007F10C0318460EF031FA69
:100DB0000346002B04D0BB68002B01D1012300E0C7
:100DC0000023002B04D00649386807F0C1F803E07F
:100DD0000449386807F0BCF800BF1037BD4680BD35
:100DE000242F4100342F410080B584B000AF7860DB
:100DF00039607B68DB6807F108022321184607F099
:100E00007DFB0346FB6007F10C0318460EF001FA68
:100E10000346002B04D0BB68002B01D1012300E066
:100E20000023002B04D00649386807F091F803E04E
:100E30000449386807F08CF800BF1037BD4680BD04
:100E4000242F4100342F410080B58CB000AF786072
:100E500039607B68DB6807F118022321184607F028
:100E60004DFB0346FB6107F11C0318460EF0D1F958
:100E70000346002B04D0BB69002B01D1012300E005
:100E80000023002B73D000237B6100233B610023F0
:100E9000FB607B68DB6807F114023821184607F015
:100EA0002DFB03463B6207F1200318460EF0B1F913
:100EB0000346002B25D07B68DB6807F1100239213F
:100EC000184607F01BFB03467B6207F12403184614
:100ED0000EF09FF90346002B13D07B68DB6807F107
:100EE0000C023A21184607F009FB0346BB6207F1E2
:100EF000280318460EF08DF90346002B01D001237C
:100F000000E00023002B09D07B6803F178007B69A7
:100F100019463B69DAB2FB6801F0ECFE7B6803F12D
:100F200078027B6893F8B4341946104600F0B6F89E
:100F30007B6878333968184601F02AFF0346FB6264
:100F400007F12C0318460EF064F90346002B03D07A
:100F5000386806F0A3FF0EE07B68103318460DF0EA
:100F6000B7F903461946386806F0DEFF03E0044986
:100F7000386806F0EDFF00BF3037BD4680BD00BFCA
:100F8000342F410080B586B000AF786039607B684F
:100F9000DB6807F10C022321184607F0AFFA03467D
:100FA0003B6107F1100318460EF033F90346002B9E
:100FB00004D0FB68002B01D1012300E00023002BAB
:100FC00028D07B6803F110027B6893F8B43419468B
:100FD000104600F063F87B681033396818460DF04E
:100FE00031F903467B6107F1140318460EF011F93D
:100FF0000346002B03D0386806F050FF0EE07B68F4
:10100000103318460DF064F903461946386806F0A7
:101010008BFF03E00349386806F09AFF00BF1837DA
:10102000BD4680BD342F410080B582B000AF7860EE
:1010300039607B681033184602F00CF97B6878330E
:10104000184601F03DFE386806F036FF00BF08374D
:10105000BD4680BD80B582B000AF786039607B68E6
:1010600093F8B43483F00103DAB27B6883F8B424D4
:101070007B6893F8B434002B01D0054B00E0054B9E
:10108000194605480FF026FC00BF0837BD4680BD55
:10109000482F41004C2F4100502F410080B483B0B5
:1010A00000AF78600B46FB707B68FA781A7100BF5E
:1010B0000C37BD4680BC704780B483B000AF034698
:1010C000FB71FB79022B0AD0022B0ADC002B02D029
:1010D000012B02D005E0064B04E0064B02E0064B74
:1010E00000E0064B18460C37BD4680BC704700BF79
:1010F000702F4100782F4100802F4100882F410040
:1011000090B583B000AF78607B6893F820301846C4
:10111000FFF7D2FF04467B689B6918460CF0FBFC86
:1011200003461A46214603480FF0D4FB00BF0C3794
:10113000BD4690BD8C2F410080B58AB000AF78606D
:10114000084611461A460346FB700B46BB70134611
:101150007B70FB78194678680CF014FCFA78012350
:10116000232178680CF01DFC03463B6107F1100356
:1011700018460EF04EF8034687F8273097F82730C8
:1011800007F10C02B97878680CF039FC03467B61F2
:1011900007F1140318460EF03CF8034687F8273091
:1011A0007B68DB69FA68114618460CF08FFC97F8EB
:1011B000273007F10C02797878680CF020FC0346A0
:1011C000BB6107F1180318460EF023F8034687F8B1
:1011D00027307B68DB69FA68D2B2114618460CF0FA
:1011E00067FC97F8273007F10C0297F83010786801
:1011F0000CF005FC0346FB6107F11C0318460EF0DA
:1012000008F8034687F827307B689B69FA6811461F
:1012100018460CF073FC7B689B69184600F026FBAF
:1012200097F8272007F12003114618460DF0B7FF65
:101230003B6A18462837BD4680BD80B586B002AFF0
:1012400078603960242300932C23282202217868B7
:10125000FFF772FF0346FB6007F10C0318460DF021
:10126000D8FF0346002B03D0386806F025FE0DE0BA
:101270007B685B691B680C331B687A68526910468F
:10128000984703461946386806F04EFE00BF1037EF
:10129000BD4680BD80B586B002AF78603960262338
:1012A00000932D232A2200217868FFF745FF03468B
:1012B000FB6007F10C0318460DF0ABFF0346002B53
:1012C00003D0386806F0F8FD0DE07B685B691B68A9
:1012D0000C331B687A6852691046984703461946D2
:1012E000386806F021FE00BF1037BD4680BD80B5CE
:1012F00086B002AF78603960252300932E2329221F
:1013000001217868FFF718FF0346FB6007F10C0323
:1013100018460DF07EFF0346002B03D0386806F018
:10132000CBFD0DE07B685B691B680C331B687A683A
:1013300052691046984703461946386806F0F4FD8E
:1013400000BF1037BD4680BD80B586B000AFF860E5
:10135000B9607A60FB689B697A68114618460CF0A0
:10136000CDFBFB685B697A682621184607F09FF879
:1013700003467B6107F1140318460DF04AFF03464C
:10138000002B04D07968B86806F0A6FD0DE0FB6874
:101390005B691B680C331B68FA68526910469847F2
:1013A00003461946B86806F0BFFD00BF1837BD46B2
:1013B00080BD80B586B000AFF860B9607A60FB6828
:1013C0009B697A68114618460CF098FBFB685B69CC
:1013D0007A682421184607F06AF803467B6107F112
:1013E000140318460DF015FF0346002B04D079684E
:1013F000B86806F071FD0DE0FB685B691B680C3393
:101400001B68FA6852691046984703461946B8683F
:1014100006F08AFD00BF1837BD4680BD80B586B096
:1014200000AFF860B9607A60FB68DB6979681846DC
:101430000CF04CFBFB685B697A682821184607F0C2
:1014400036F803467B6107F1140318460DF0E1FE00
:101450000346002B04D07968B86806F03DFD0DE026
:10146000FB685B691B680C331B68FA68526910469D
:10147000984703461946B86806F056FD00BF18376E
:10148000BD4680BD80B584B000AFF860B9607A60B9
:101490007B68044A044905480FF01CFA00BF103766
:1014A000BD4680BDA42F4100B82F4100F02F410060
:1014B00080B586B000AFF860B9607A60FB689B6960
:1014C0007A68114618460CF019FBFB685B697A686C
:1014D0002521184606F0EBFF03467B6107F1140354
:1014E00018460DF096FE0346002B04D07968B868C4
:1014F00006F0F2FC0DE0FB685B691B680C331B68AF
:10150000FA6852691046984703461946B86806F0CB
:101510000BFD00BF1837BD4680BD80B584B000AF5D
:10152000786039607B6802221A767B68D8687B68AD
:101530001B7E1A462C2106F0BAFF0346FB6007F11A
:101540000C0318460DF065FE0346002B03D03868E7
:1015500006F0B2FC0DE07B68DB681B680C331B688F
:101560007A68D2681046984703461946386806F0EC
:10157000DBFC00BF1037BD4680BD80B584B000AF36
:10158000786039607B6803221A767B68D8687B684C
:101590001B7E1A462C2106F08AFF0346FB6007F1EA
:1015A0000C0318460DF035FE0346002B03D03868B7
:1015B00006F082FC0DE07B68DB681B680C331B685F
:1015C0007A68D2681046984703461946386806F08C
:1015D000ABFC00BF1037BD4680BD80B584B000AF06
:1015E000786039607B6804221A767B68D8687B68EB
:1015F0001B7E1A462C2106F05AFF0346FB6007F1BA
:101600000C0318460DF005FE0346002B03D0386886
:1016100006F052FC0DE07B68DB681B680C331B682E
:101620007A68D2681046984703461946386806F02B
:101630007BFC00BF1037BD4680BD000080B586B082
:1016400002AFF860B9607A603B603B680193064B7B
:1016500000937B68054A064906480FF03BF900BF36
:101660001037BD4680BD00BF48304100FC2F41000F
:10167000043041003430410080B584B000AF786060
:1016800039607B6898687B68197E7B68DA6900231B
:1016900000F01CFC0346FB6007F10C0318460DF03C
:1016A000B8FD0346002B03D0386806F005FC0CE0BB
:1016B0007B681B7E19467B68DB691A4605480FF07C
:1016C00009F96321386806F02FFC00BF1037BD46CA
:1016D00080BD00BF5030410080B584B000AF78605D
:1016E00039607B6898687B68197E7B68DA690023BB
:1016F00000F0ECFB0346FB6007F10C0318460DF00D
:1017000088FD0346002B08D07B689B68184600F0D4
:1017100065FB386806F0D0FB0CE07B681B7E194641
:101720007B68DB691A4605480FF0D4F863213868F6
:1017300006F0FAFB00BF1037BD4680BD50304100B7
:1017400080B483B000AF0346FB71FB79042B16D045
:10175000042B16DC032B10D0032B12DC022B0AD037
:10176000022B0EDC002B02D0012B02D009E0084B2B
:1017700008E0084B06E0084B04E0084B02E0084B89
:1017800000E0084B18460C37BD4680BC704700BFD0
:1017900080304100843041008C3041009030410065
:1017A000943041009830410090B583B000AF78602C
:1017B0007B68DB69122B22D0122B2EDC002B02D08F
:1017C000112B0ED029E07B68DC697B681B7E1846F4
:1017D000FFF7B6FF03461A46214619480FF07AF87C
:1017E00029E07B68DC697B681B7E1846FFF7A8FF51
:1017F00003461A46214613480FF06CF81BE07B683D
:10180000DC697B681B7E1846FFF79AFF03461A4681
:1018100021460D480FF05EF80DE07B68DC697B68BF
:101820001B7E1846FFF78CFF03461A4621460748E1
:101830000FF050F800BF00BF0C37BD4690BD00BF91
:101840009C304100C0304100E4304100083141008B
:1018500080B483B000AF7860034A7B68136000BF38
:101860000C37BD4680BC70472C02402080B483B04A
:1018700000AF786000BF0C37BD4680BC704780B5B4
:1018800082B000AF78607B680433184602F0B0FD88
:1018900000F01CF87B680C33184600F0A8F87B6851
:1018A00003F21C43184603F0E7FA7B6803F5B263C2
:1018B000184603F0C7FF7A6841F2D4631344184610
:1018C00004F002FE00BF0837BD4680BD80B485B07D
:1018D00000AF3C4B5B6903F40033C3F34043DBB21E
:1018E000002B1BD1BFF34F8F00BFBFF36F8F00BF23
:1018F000344B0022C3F85022BFF34F8F00BFBFF319
:101900006F8F00BF2F4B5B692E4A43F40033536146
:10191000BFF34F8F00BFBFF36F8F00E000BF294BB5
:101920005B6903F48033C3F30043DBB2002B42D185
:10193000244B0022C3F88420BFF34F8F00BF214BFC
:10194000D3F88030FB60FB685B0BC3F30E03BB6016
:10195000FB68DB08C3F309037B60BB685A0143F6ED
:10196000E07313407A68920716491343C1F8603256
:101970007B685A1E7A60002B14BF01230023DBB260
:10198000002BEAD1BB685A1EBA60002B14BF01239A
:101990000023DBB2002BDBD1BFF34F8F00BF094B1D
:1019A0005B69084A43F480335361BFF34F8F00BF34
:1019B000BFF36F8F00E000BF00BF1437BD4680BC8F
:1019C000704700BF00ED00E080B582B000AF7860E6
:1019D0007B6803F21C43184603F02EFA7B680C3335
:1019E000184600F0ADF800BF0837BD4680BD80B591
:1019F00082B000AF786000F00DF803F011F87B685A
:101A00001B6810331B6800217868984700BF0837AF
:101A1000BD4680BD80B400AF094BD3F81431084AED
:101A200043F01003C2F81431054BD3F81431044AC3
:101A300043F48053C2F8143100BFBD4680BC7047E8
:101A40000080084090B589B000AF78600B46FB700D
:101A50000023FB777B6804337B617B69BB617B6917
:101A600003F20C433B611DE0BB69FB60FB681B6834
:101A700008331C68FB7F5A1CFA77FA781946F86815
:101A8000A0470346BB6007F1080318460DF0D1FBE1
:101A90000346002B03D00DF0A3FB03460AE0BB690D
:101AA0001C33BB61BA693B699A42DDD10DF08BFBF7
:101AB000034600BF18462437BD4690BD80B588B0A8
:101AC00000AFF860B9607A60FB680433BB61BB6942
:101AD000FB61BB6903F20C437B610CE0FB693B617A
:101AE0007B68002B04D07B683A691146B868984738
:101AF000FB691C33FB61FA697B699A42EED10DF0F8
:101B000062FB034618462037BD4680BD80B483B0D3
:101B100000AF78600B46FB70FB78242B08D8FA786E
:101B20001346DB009B1A9B007A681344043301E0E0
:101B30007B68043318460C37BD4680BC70470000F4
:101B400080B586B000AF786013480EF033FF7B6835
:101B500004333B613B697B613B6903F20C43FB60EF
:101B600010E07B69BB60BB681B6828331B68B868E2
:101B700098470346002B02D0B86802F00FFF7B693C
:101B80001C337B617A69FB689A42EAD100BF00BFCF
:101B90001837BD4680BD00BF2831410080B586B0F2
:101BA00000AF7860134B1B68134A1268194613483C
:101BB0000EF090FE7A68124B13443B613B697B61E7
:101BC0003B694833FB600AE07B69BB60BB681B680C
:101BD00019460C480EF07EFE7B6904337B617A69FE
:101BE000FB689A42F0D108480EF0E4FE00BF1837B7
:101BF000BD4680BD340240203002402038314100D3
:101C000008400200543141005C31410080B58CB085
:101C100000AF786039606C4B1B6801336A4A13600F
:101C20003B685B78112B0FD83B685B781A46796864
:101C300049F20203134451F82330581C796849F2E1
:101C40000203134441F823003B685B78FB853B6843
:101C50009B88BB85FB8D013BFB85FB8D112B19D828
:101C6000FB8D9B030C337A681344BB62BB6A1B6811
:101C70005A1CBB6A1A603B681B78002B0AD0FB8D8C
:101C80009B0310337A6813447B627B6A1B685A1C7F
:101C90007B6A1A60FB8D0F2B3BD8F98D7A6849F26D
:101CA00014030B4452F823303B61BB8D3A699A42CE
:101CB00080F085803B699BB2BA8DD31ABB857B6867
:101CC00003F51033D3F8D020BB8D13447A6802F5A6
:101CD0001032C2F8D030BB8DB3F5805F6FD23B6855
:101CE0001B78002B06D17B6803F5103393F8D830AE
:101CF000002B64D0FA8DBB8D1203134402339B007A
:101D00007A681344FB60FB681B685A1CFB681A6006
:101D100055E0FB8D102B52D10CF01EF8BB8DB3F5A6
:101D2000805F0FD23B681B78002B0BD0BA8D274BFE
:101D300013449B007A6813443B623B6A1B685A1C3D
:101D40003B6A1A607B6803F51033D3F8D0301B0967
:101D50007A6802F51032C2F8D0307B6803F5103390
:101D6000D3F8D030B3F5805F19D27B6803F5103318
:101D7000D3F8D020164B13449B007A681344BB6100
:101D8000BB691B685A1CBB691A607A68114B134403
:101D90007B617B691B685A1C7B691A6008E07A6862
:101DA0000D4B1344FB61FB691B685A1CFB691A60ED
:101DB0007B6803F510331A460023C2F8D03000BF09
:101DC0003037BD4680BD00BF300240200200010018
:101DD000021001000C4004001040040080B48DB0DB
:101DE00000AF78600023FB627B6808333B623B6A8C
:101DF000BB623B6A03F50033FB611FE0BB6ABB615A
:101E0000BB697B617B697B627B6903F580433B61D6
:101E100007E07B6AFB60FB6800221A607B6A043380
:101E20007B627A6A3B699A42F3D1FB6A5A1CFA6276
:101E3000BA691360BB6A03F58043BB62BA6AFB6987
:101E40009A42DBD17B6803F510331A460023C2F8AF
:101E5000D03000BF3437BD4680BC704780B586B0F7
:101E600000AF786039600023FB754FF47A733B61F3
:101E70007B6803F51033D3F8D430002B12D07B6885
:101E800003F51033D3F8D4303A699A420AD97B6803
:101E900003F51033D3F8D4303A69D21A3B681A608C
:101EA0000123FB757B6803F510331A463B69C2F8C2
:101EB000D430FA7D07F10C03114618460DF06FF986
:101EC000FB6818461837BD4680BD000080B59AB043
:101ED00002AFF8607A603B600B46FB727B68122BA6
:101EE000D4BF0123002387F85F3097F85F30002BC1
:101EF00000F0EC807B68DBB2013B87F84F30FB7A67
:101F0000032B00F08D80032B00F3D780012B02D030
:101F1000022B32D0D1E07B68002B40F3D28097F8BF
:101F20004F301946F8680BF0ADFEB8620323BB656D
:101F30001BE0BB6D9B00BA6A13441B687B620023E5
:101F40007B650BE0BB6D3B623B6A002B03D0396ABB
:101F500065480EF0BFFC7B6D01337B657A6D7B6A53
:101F60009A42EFD3BB6D0133BB65BB6DB3F5805FA8
:101F7000DFD35E480EF01EFDA3E07B68002B40F32C
:101F8000A280FB681B6818460BF00DFE78633B6867
:101F9000002B17D13B461946F868FFF75FFF034651
:101FA0007B6107F1140318460DF033F90346002B4B
:101FB00013D097F84F3001331A46796B4C480EF026
:101FC00089FC0AE03B687A6BB2FBF3F197F84F307B
:101FD00001331A4647480EF07DFC97F84F301946FA
:101FE000F8680BF04FFE386303233B6510E03B6D50
:101FF0009B003A6B13441B68FB62FB6A002B04D006
:10200000FA6A396D3C480EF065FC3B6D01333B6567
:102010003B6DB3F5805FEAD338480EF0CBFC52E05D
:102020000BF088FEB864FB681B6818460BF0BBFD1C
:102030007864FB685B6818460BF0FDFE03461846A3
:102040000BF091FF38640CF04FF9F8630CF0FEF9D7
:10205000B8633B68002B1AD13B461946F868FFF776
:10206000FDFE0346BB6107F1180318460DF0D1F8D9
:102070000346002B29D0796C3A6CB86CBB6B01938A
:10208000FB6B009303461E480EF024FC1DE03B68EA
:102090007A6CB2FBF3F13B683A6CB2FBF3F03B684D
:1020A000BA6CB2FBF3F2BB6B0193FB6B009313466C
:1020B000024614480EF00EFC07E0002387F85F305C
:1020C00004E000BF02E000BF00E000BF97F85F201F
:1020D00007F11C03114618460DF061F8FB6918461C
:1020E0006037BD4680BD00BF603141005C314100BA
:1020F00064314100783141008C314100943141001C
:1021000098314100C831410080B58AB000AFF86015
:10211000B9601346FB71012387F82730002387F845
:10212000263025E0FA7997F8263013443B623B6A63
:1021300007F114021946B86806F0E0F90346BB61DE
:1021400007F1180318460DF064F8034687F82730A6
:1021500097F82730002B06D097F826307A69194671
:10216000F8680BF0D1FD97F82630013387F8263058
:1021700097F82730002B03D097F826300F2BD1D9B2
:1021800097F8272007F11C03114618460DF007F8B1
:10219000FB6918462837BD4680BD000080B584B075
:1021A00000AFF860B9607A603B600E4ABB681360AC
:1021B0000D4A7B681360FB6803F526730B4A1360B6
:1021C000FB6803F526733A68B968184600F002F90F
:1021D000FB680433184600F057F900BF1037BD46BE
:1021E00080BD00BF380240203C0240204002402019
:1021F00080B582B000AF78603960396805480EF06C
:1022000069FB7B680433184600F064F900BF0837A7
:10221000BD4680BDF831410080B582B000AF786026
:102220007B68D3F8BC127B68D3F8B8321A460948E9
:102230000EF050FB7B6803F52673184600F0F6F8A5
:102240007B680433184600F06FF900BF0837BD46BD
:1022500080BD00BF0032410080B582B000AF786021
:102260007B68181D47F662530122182100F069FAB5
:102270007B68012283F8C02200BF0837BD4680BDBD
:1022800080B582B000AF78607B68181D47F6615357
:102290000122182100F055FA7B68002283F8C02241
:1022A00000BF0837BD4680BD80B483B000AF786002
:1022B0007B68012283F8C12200BF0C37BD4680BC79
:1022C000704780B483B000AF78607B68002283F8E9
:1022D000C12200BF0C37BD4680BC704780B58AB0B4
:1022E00000AFF860B9607A60012387F827300023D7
:1022F00087F8263047E097F826307A6813443B6227
:1023000007F110031A46396AB86806F0F7F8034671
:102310007B6107F1140318460CF07BFF0346002B8A
:1023200022D0FB68181D3B6997F82610012200F0A7
:1023300008FA0346FB613B69FA699A421ED097F896
:102340002730002B08D0002387F827303B69FA6933
:1023500019461E480EF0BEFAFB68D3F8B8325A1C74
:10236000FB68C3F8B82209E0002387F82730FB6830
:10237000D3F8BC325A1CFB68C3F8BC2297F826304D
:10238000013387F8263097F826301B2BB3D997F8FE
:10239000273083F00103DBB2002B09D0FB68D3F8B0
:1023A000B812FB68D3F8BC321A4609480EF092FA0C
:1023B00097F8272007F11803114618460CF0EFFE96
:1023C000BB6918462837BD4680BD00BF203241009A
:1023D0006832410080B485B000AFF860B9607A60BF
:1023E000064AFB681360064ABB681360054A7B68AF
:1023F000136000BF1437BD4680BC70474C024020BC
:10240000440240204802402080B483B000AF78608E
:1024100000BF0C37BD4680BC704780B483B000AFAE
:10242000786000BF0C37BD4680BC7047F0B589B0FE
:1024300004AFF860FB681D69FB685E69FB681B6898
:10244000BB60F8680BF06AFD7860FB68DC69F868CF
:102450000BF07DFD0346002B01D0084B00E0084B3C
:10246000029301947B680093BB6832462946054875
:102470000EF030FA00BF1437BD46F0BDBC3241004B
:10248000C4324100D032410080B483B000AF7860E4
:10249000034A7B68136000BF0C37BD4680BC7047A1
:1024A0005002402080B485B000AF78600B46FB70CE
:1024B000FB78042B94BF01230023FB73FB7B002BD1
:1024C00002D07B68FA781A72FB7B18461437BD4637
:1024D00080BC704780B584B000AF78607B681B7AA1
:1024E000013319460E480EF0F5F90023FB730EE098
:1024F000FB7B1946786800F0BDF9B860FB7BBA68D1
:10250000194608480EF0E6F9FB7B0133FB73FB7BB1
:10251000202BEDD900BF00BF1037BD4680BD00BFE6
:10252000183341002433410090B5A5B000AF786066
:102530007B681B7A0133194617480EF0CBF907F177
:1025400008038422002118460EF0CEFB002387F8F2
:102550008F3012E097F88F4097F88F3019467868DF
:1025600000F088F90246A30090333B4443F8882CDE
:1025700097F88F30013387F88F3097F88F30202B02
:10258000E8D907F108032121184600F0E3F900BF5C
:102590009437BD4690BD00BF1833410090B585B05B
:1025A00000AF78600023FB730EE0FC7BFB7B1946D9
:1025B000786800F05FF901467A68A31C9B00134419
:1025C0005960FB7B0133FB73FB7B102BEDD90023A0
:1025D000BB7313E0BB7B7A6802339B0013445B68D8
:1025E000BB60BB6843F4FF53BB60B97BBB6802228E
:1025F000786800F0A6F8BB7B0133BB73BB7B102B64
:10260000E8D900BF00BF1437BD4690BD90B585B076
:1026100000AF78600023FB730EE0FC7BFB7B194668
:10262000786800F027F901467A68A31C9B001344E0
:102630005960FB7B0133FB73FB7B102BEDD900232F
:10264000BB7307E0BB7B1946786800F028F8BB7BBA
:102650000133BB73BB7B102BF4D900BF00BF143711
:10266000BD4690BD80B584B000AF78600023FB7399
:102670000DE0FB7B7A6802339B0013445B68F97BB7
:102680000222786800F05DF8FB7B0133FB73FB7B73
:10269000102BEED900BF00BF1037BD4680BD80B5FE
:1026A00082B000AF78600B46FB70FB78102B06D829
:1026B000F9784FF4FF530222786800F042F800BF27
:1026C0000837BD4680BD000080B582B000AF78609D
:1026D0000B46FB70FB78102B05D8F978044B0222CF
:1026E000786800F02EF800BF0837BD4680BD00BFF7
:1026F000E31F000280B584B000AF78600B46FB702A
:102700001346BB700023FB60FB78102B14D8FB78BA
:102710001946786800F0AEF8F860FB6823F4FF53C0
:10272000FB60BB785B01FA681343FB60F978FB68D8
:102730000222786800F005F8FB6818461037BD469D
:1027400080BD80B586B000AFF8607B600B46FB7241
:102750001346BB7200237B61FB7A202B12D8BB7A15
:10276000002B06D0FB7A7A681946F86800F010F85A
:102770007861BB7A022B05D0FB7A1946F86800F025
:1027800079F878617B6918461837BD4680BD00002E
:1027900080B58CB000AFF8600B467A60FB72002306
:1027A000FB62FB7A202B5ED8FB681B7A1A46134625
:1027B0005B001344DB0003F50673FA68134404332B
:1027C000BB6207F1180300221A601A7107F11003A7
:1027D00000221A601A71FB7A254AD35C1A464FF020
:1027E000FF339340DB437B627A687B6A13403B6232
:1027F00097F90B305B005BB243F001035BB2DBB2D5
:102800003B763B6A1B0EDBB27B763B6A1B0CDBB272
:10281000BB763B6A1B0ADBB2FB763B6ADBB23B77DB
:1028200007F1100207F118031946B86A0CF0D0FD41
:10283000FB685B681B680C331B68FA685268B96AEE
:10284000104698470346002B0DD07B7C1A06BB7CB4
:102850001B041A43FB7C1B0213433A7D13431A46A5
:102860007B6A1340FB62FB6A18463037BD4680BD69
:10287000886B410080B58AB000AF78600B46FB7072
:1028800000237B62FB78202B46D87B681B7A1A4694
:1028900013465B001344DB0003F506737A681344A8
:1028A00004333B6207F1140300221A601A7107F126
:1028B0000C0300221A601A71FB785B00DBB23B75D7
:1028C00007F10C0207F114031946386A0CF080FD79
:1028D0007B685B681B680C331B687A685268396ACE
:1028E000104698470346002B16D0FB780D4AD35C60
:1028F0001A464FF0FF339340DB43FB617B7B1A06A4
:10290000BB7B1B041A43FB7B1B0213433A7C134320
:102910001A46FB6913407B627B6A18462837BD461E
:1029200080BD00BF886B410080B485B000AFF86007
:10293000B9607A60FA68BB6822FA03F301217A6809
:1029400001FA02F2013A134018461437BD4680BC22
:102950007047000080B586B002AF786039603B6890
:10296000112B01D911233B602B480DF0B3FF00233D
:10297000FB6006E0F96829480DF0ACFFFB68013305
:10298000FB60FA683B689A42F4D325480EF012F8CF
:102990003B6800937B6808221221224800F052F81D
:1029A0003B6800937B6803220F211F4800F04AF820
:1029B0003B6800937B6801220E211C4800F042F81E
:1029C0003B6800937B6801220D21194800F03AF81A
:1029D0003B6800937B6808220521164800F032F816
:1029E0003B6800937B6803220221134800F02AF819
:1029F0003B6800937B6801220121104800F022F817
:102A00003B6800937B68012200210D4800F01AF812
:102A100000BF1037BD4680BDE8344100F8344100A6
:102A2000E4344100003541000C35410018354100C7
:102A300024354100303541003C35410078344100B7
:102A40004835410080B586B000AFF860B9607A6063
:102A50003B60F96810480DF03DFF00237B6110E0FA
:102A60003B681A1D3A601B687A68B9681846FFF718
:102A70005BFF0346194609480DF02CFF7B690133C3
:102A80007B617A693B6A9A42EAD305480DF092FF6E
:102A900000BF1837BD4680BD54354100F8344100B1
:102AA000E434410080B584B000AF78607B681B7D62
:102AB000092B00F0D280092B00F3DE80082B00F0F8
:102AC000C580082B00F3D880072B00F08380072BEC
:102AD00000F3D280062B6DD0062B00F3CD80052BA2
:102AE00000F08480052B00F3C780042B4ED0042B0C
:102AF00000F3C280032B26D0032B00F3BD80022BF2
:102B000012D0022B00F3B880002B00F0C880012BFC
:102B100040F0B280786800F013F9786800F04BF963
:102B20007B6802221A75BDE07B68002283F82220B0
:102B30007B6893F822301946786800F0CDF97B68FD
:102B400004221A75AEE07B6893F822301946786843
:102B500000F0EEF97B6893F822300133DAB27B683B
:102B600083F822207B6893F822300F2B0AD87B68E9
:102B700093F822301946786800F0AEF97B68042299
:102B80001A758FE07B6808221A758BE07B6893F8D2
:102B900020207B6883F821207B6893F822107B68D3
:102BA00093F821301A46786800F0F2F97B68062223
:102BB0001A7577E000F038FA02467B685A627B6843
:102BC0005A6A7B689B691A447B685A627B68072251
:102BD0001A7567E000F028FAF8607B685B6AFA68AB
:102BE0009A425ED37B6805221A755AE07B6893F897
:102BF00021301946786800F0F1F9B8607B68DB692C
:102C0000BA689A4203DD7B6803221A754AE07B6842
:102C100093F82130013BDAB27B6883F821207B688E
:102C200093F82130002B0DD07B6893F822107B683D
:102C300093F821301A46786800F0AAF97B680622DA
:102C40001A752FE07B6803221A752BE0786800F074
:102C5000BFF87B6809221A7524E07B68D3F8383402
:102C6000002B05D07B68D3F83834184605F024F9DA
:102C70007B6800221A7515E0786800F0A9F87B6877
:102C8000D3F83834002B06D07B68D3F838340B499E
:102C9000184605F05DF97B6800221A7502E000BF56
:102CA00000E000BF7B681B7D002B14BF01230023C5
:102CB000DBB218461037BD4680BD00BF5C35410011
:102CC00080B582B000AF7860786800F039F87B6832
:102CD0001B7D19467B6893F822301A467B6893F86F
:102CE000213003480DF0F6FD00BF0837BD4680BD1A
:102CF0006835410080B485B000AFF860B9603B60D2
:102D00001346FB71BB68002B01D0BB6800E0C823F1
:102D1000FA689361FB79002B01D0FA7900E0632215
:102D2000FB6883F820203B68002B01DD3B6800E056
:102D30001423FA68D36100BF1437BD4680BC7047C6
:102D400080B582B000AF78607B6899697B6893F842
:102D500020301A467B68DB690A480DF0BBFD7B68B2
:102D6000184600F068F90346002B03D006480DF022
:102D700021FE02E005480DF0ADFD00BF0837BD465D
:102D800080BD00BFA4354100FC3541000036410044
:102D900080B582B000AF786039607B683A68C3F86C
:102DA00038247B6801221A750CF00DFA0346184688
:102DB0000837BD4680BD80B582B000AF78607B68C3
:102DC0009B681846FFF722FC00BF0837BD4680BD50
:102DD00080B582B000AF7860786800F007F8786856
:102DE00000F032F800BF0837BD4680BD80B586B020
:102DF00000AF78607B689B681846FFF733FC0023C0
:102E0000FB7518E07B689868FB7D7A68134493F83B
:102E10002824FB7D1946FFF76DFC3861FB7D0233EA
:102E2000FB607B681B69F9683A69184605F03FFB4F
:102E3000FB7D0133FB75FB7D0F2BE3D900BF00BF8A
:102E40001837BD4680BD000080B588B000AF7860FF
:102E50001D480DF0AFFD1D480DF03CFD0023FB7734
:102E600008E0FB7F0133194619480DF033FDFB7F65
:102E70000133FB77FB7F0F2BF3D913480DF09AFD3D
:102E800014480DF027FD7B6803F585637B617B6942
:102E9000BB617B6910333B610AE0BB691B78FB7344
:102EA000FB7B19460A480DF015FDBB690133BB6178
:102EB000BA693B699A42F0D103480DF07BFD00BF2F
:102EC0002037BD4680BD00BFFC35410004364100BF
:102ED000143641001C36410080B582B000AF7860E6
:102EE0000B46FB707B68184600F0A5F80346002BE4
:102EF00006D0FB78013319460C480DF0EBFC02E0DC
:102F00002E200DF0F9FC7B6828334FF480620021FD
:102F100018460DF0E9FE7B689B68FA781146184662
:102F2000FFF7D2FB00BF0837BD4680BD2C364100FD
:102F300080B582B000AF78600B46FB707B689B6801
:102F4000FA7811461846FFF7AAFB7B682833184623
:102F500000F016FC0246FB78D1B27A6813440A46A8
:102F600083F828247B68184600F065F80346002B98
:102F700008D0FB787A68134493F82834194603483C
:102F80000DF0A8FC00BF0837BD4680BD34364100B7
:102F900080B582B000AF78600B46FB701346BB7003
:102FA0007B689B68BA78F9781846FFF7A3FB7B68C3
:102FB000184600F040F80346002B04D0BB781946B1
:102FC00005480DF087FC7B68DB6818460AF0EBFDCE
:102FD00000BF0837BD4680BD4036410080B584B093
:102FE00000AF78600B46FB707B68DB6818460AF020
:102FF000DAFD0346FB607B68184600F01CF80346C8
:10300000002B03D0F96807480DF064FCFA787B6860
:103010000A32F96843F82210FB6818461037BD469B
:1030200080BD00BF4836410080B400AF0023184681
:10303000BD4680BC704780B483B000AF78607B68C9
:103040001B7918460C37BD4680BC704780B582B0EE
:1030500000AF786039607B683A681A667B68DB6825
:103060001846FFF79BFA7B689B681846FFF7F4F851
:103070007B681B69012118460AF05BFF7B685B696E
:103080001846FEF7ABFE7B685B6918460AF01AFE2D
:103090007B689B681846FFF707F97B689B681846B2
:1030A0000AF0D5FE00BF0837BD4680BD80B584B0AC
:1030B00000AF78607B689B6818460AF0D6FE03462E
:1030C000FB73FB7B002B17D07B689B6818460AF0CC
:1030D000DBFE0346002B05D07B689B681846FFF794
:1030E000F0F809E07B689B681846FFF7DDF87B681D
:1030F0009B6818460AF0ABFEFB7B18461037BD46AE
:1031000080BD80B582B000AF78607B689B68184650
:10311000FFF7B6F87B68DB681846FFF7A3FA7B6811
:103120001B69002118460AF004FF786800F00AF8CD
:10313000786800F067F87B6800221A6600BF0837DD
:10314000BD4680BD80B588B000AF786029480DF0DD
:10315000C1FB0023FB611AE0F96927480DF0BAFBB7
:103160007B685B69FA69D2B2114618460AF08AFD9B
:1031700003464FF48051184600F084F801467B68FE
:10318000FA69083243F82210FB690133FB61FB69DD
:103190000F2BE1DD19480DF00DFC19480DF09AFBDD
:1031A0007B6820337B617B69BB617B6940333B611A
:1031B00009E0BB691B68FB60F9680F480DF08AFBEA
:1031C000BB690433BB61BA693B699A42F1D17B6840
:1031D000DB69002B04D07B68DB69184604F06CFEC9
:1031E0007B685B691846FEF7F9FD00BF2037BD46D6
:1031F00080BD00BF4C364100543641005C36410072
:103200006036410080B584B000AF78600023FB6079
:1032100010E0FB683C33BB607B689869B9687B68E9
:10322000FA68083253F822301A4605F040F9FB6874
:103230000133FB60FB680F2BEBDD7B6858697B6813
:103240009B693C221946FEF75FFF00BF1037BD4661
:1032500080BD000090B583B000AF78607B681C6EC5
:103260007B681B6918460AF059FE03461A46214638
:1032700003480DF02FFB00BF0C37BD4690BD00BFCB
:103280006836410080B487B000AF786039600023B1
:103290007B6100233B610023FB6015E0FB689B0022
:1032A0007A6813441B68FA6802FB03F37A691344D3
:1032B0007B61FB689B007A6813441B683A6913447E
:1032C0003B61FB680133FB60FA683B689A42E5D3D7
:1032D0003B69002B01D1002303E07A693B69B2FB13
:1032E000F3F318461C37BD4680BC704780B483B0EA
:1032F00000AF78607B6801221A7600BF0C37BD46AC
:1033000080BC704780B483B000AF786000BF0C37DA
:10331000BD4680BC7047000080B485B000AF034656
:10332000FB80FB8807EE903AB8EE677ADFED126A11
:10333000C7EE267A9FED117A67EE877AC7ED037A9A
:10334000D7ED037A9FED0E7A67EE877A9FED0D7ABF
:1033500077EEC77AC7ED027AD7ED027AB6EE007A39
:1033600077EE877AFDEEE77A17EE903A1846143733
:10337000BD4680BC704700BF00FC7F4633335340DE
:103380000AC48C46213E5B4780B582B000AF002363
:103390007B607B681B0A9BB21846FFF7BDFF0346A4
:1033A00018460837BD4680BD80B582B000AF786052
:1033B0007B681433184600F0C1F97B68283318463F
:1033C000FFF794FF00F03AF900BF0837BD4680BD13
:1033D00080B584B000AFF860B9607A603B60FB688C
:1033E0001433B96818460AF0FDFFFB681433796896
:1033F00018460BF004F8FB682833396818460AF0C1
:103400007DFFFB682833B96918460AF084FFFB6822
:10341000FA691A6000BF1037BD4680BD90B595B0FF
:1034200002AF78603960012387F8473007F1200345
:103430001A463621386805F061F803467B6207F1C9
:10344000240318460BF0E5FE0346002B08D097F83E
:103450004730002B14BF0123002387F8473002E0D8
:10346000002387F8473007F11C031A4637213868D4
:1034700005F044F80346BB6207F1280318460BF039
:10348000C8FE0346002B08D097F84730002B14BF26
:103490000123002387F8473002E0002387F84730F4
:1034A00007F118031A463421386805F027F8034657
:1034B000FB6207F12C0318460BF0ABFE0346002B12
:1034C00008D097F84730002B14BF0123002387F85A
:1034D000473002E0002387F8473007F114031A460B
:1034E0003521386805F00AF803463B6307F13003DD
:1034F00018460BF08EFE0346002B08D097F8473095
:10350000002B14BF0123002387F8473002E000237B
:1035100087F8473007F110031A463221386804F063
:10352000EDFF03467B6307F1340318460BF071FE91
:103530000346002B08D097F84730002B14BF012317
:10354000002387F8473002E0002387F8473097F8D8
:103550004730002B0BD0396AF869BC697B693A693E
:1035600001920093234602467868FFF731FF07F186
:103570000C031A463021386804F0C0FF0346BB63D1
:1035800007F1380318460BF044FE0346002B08D021
:1035900097F84730002B14BF0123002387F84730EA
:1035A00002E0002387F84730FB6807EE903AF8EE18
:1035B000E77ADFED206A87EEA67AB0EE470A7868F0
:1035C0000AF0F4FE07F108031A463121386804F0C6
:1035D00095FF0346FB6307F13C0318460BF019FE09
:1035E0000346002B08D097F84730002B14BF012367
:1035F000002387F8473002E0002387F84730BB6894
:1036000007EE903AF8EEE77ADFED0B6A87EEA67ADE
:10361000B0EE470A78680AF0D7FE97F8472007F11E
:103620004003114618460BF0BAFD3B6C18464C3768
:10363000BD4690BD0024744900007A4480B400AFB8
:1036400000BFBD4680BC704790B583B000AF7860C6
:1036500078680AF083FE03460E4A82FB0312521179
:10366000DB17D41A78680AF079FE0346094A82FB10
:1036700003125111DA178A1A642101FB02F29A1A15
:103680007B689B68214604480DF024F900BF0C3785
:10369000BD4690BD1F85EB5198364100F0B58BB00B
:1036A00006AFF860F8680AF059FE03461F4A82FB2D
:1036B00003125211DB17D51AF8680AF04FFE0346C1
:1036C0001A4A82FB03125111DA178C1A642204FB86
:1036D00002F29C1AFB689E68F8680AF04BFEB8601C
:1036E000F8680AF055FE7860FFF74EFE0146104B71
:1036F0001B68104A12680492039302917B6801933D
:10370000BB6800933346224629460B480DF0E2F889
:10371000FB681433184600F01DF8FB682833184680
:10372000FFF7F0FD00BF1437BD46F0BD1F85EB511C
:10373000580240205C024020B036410080B483B083
:1037400000AF78607B6801221A7300BF0C37BD465A
:1037500080BC704780B582B000AF7860054B1B68B5
:10376000054A1268194605480DF0B4F800BF08373D
:10377000BD4680BD60024020640240200037410009
:1037800080B485B000AF78604FF48073FB60FD2398
:10379000FB6019E0FB689B007A6813441A68FB68B9
:1037A00001339B0079680B441B681A44FB680233A1
:1037B0009B0079680B441B681344BB60BB68142BE7
:1037C00006DCFB68013BFB60FB68002BE2DC00E0F1
:1037D00000BFFB68023318461437BD4680BC7047F3
:1037E00080B400AF024B1846BD4680BC704700BF96
:1037F000BC4E410080B483B000AF0346FB71FB793F
:10380000502B04D8FB79054A52F8233000E0044BD2
:1038100018460C37BD4680BC704700BF2853410096
:103820002453410080B582B000AF786039603968B8
:10383000786800F098FB034618460837BD4680BDFF
:1038400080B582B000AF786039607B681B680C334C
:103850001B6839687868984700BF0837BD4680BD47
:1038600080B582B000AF786039607B681B68103328
:103870001B6839687868984700BF0837BD4680BD27
:1038800080B582B000AF786039607B681B68143304
:103890001B6839687868984700BF0837BD4680BD07
:1038A00080B584B000AF78603960022138680BF0D1
:1038B00035FAF8607B681B6818331B68FA6839684A
:1038C0007868984700BF1037BD4680BD80B584B08A
:1038D00000AF78603960022138680BF01FFAF86099
:1038E0007B681B681C331B68FA68396878689847DE
:1038F00000BF1037BD4680BD80B584B000AF786092
:103900003960022138680BF009FAF8607B681B689F
:1039100020331B68FA6839687868984700BF103709
:10392000BD4680BD80B584B000AF786039600221AB
:1039300038680BF0F3F9F8607B681B6824331B6868
:10394000FA6839687868984700BF1037BD4680BD6F
:1039500080B584B000AF78603960022138680BF020
:10396000DDF9F8607B681B6828331B68FA683968E2
:103970007868984700BF1037BD4680BD80B582B0DB
:1039800000AF786039603968786800F02EFB034634
:1039900018460837BD4680BD80B582B000AF78605C
:1039A00039607B681B680C331B68396878689847F6
:1039B00000BF0837BD4680BD80B582B000AF7860DB
:1039C00039607B681B6810331B68396878689847D2
:1039D00000BF0837BD4680BD80B582B000AF7860BB
:1039E00039607B681B6814331B68396878689847AE
:1039F00000BF0837BD4680BD80B582B000AF78609B
:103A000039607B681B6818331B6839687868984789
:103A100000BF0837BD4680BD80B582B000AF78607A
:103A200039607B681B681C331B6839687868984765
:103A300000BF0837BD4680BD90B585B000AF786047
:103A40003960012138680BF069F9F86002213868A3
:103A50000BF064F9B8607B681B6820331C68BB6896
:103A6000FA6839687868A04700BF1437BD4690BD32
:103A700080B582B000AF786039603968786800F04E
:103A8000F6FA034618460837BD4680BD80B584B0B7
:103A900000AF78603960032138680BF03FF9F860B7
:103AA0007B681B680C331B68FA683968786898472C
:103AB00000BF1037BD4680BD80B584B000AF7860D0
:103AC0003960032138680BF029F9F8607B681B68BE
:103AD00010331B68FA6839687868984700BF103758
:103AE000BD4680BD80B584B000AF786039600321E9
:103AF00038680BF013F9F8607B681B6814331B6897
:103B0000FA6839687868984700BF1037BD4680BDAD
:103B100080B584B000AF78603960032138680BF05D
:103B2000FDF8F8607B681B6818331B68FA68396811
:103B30007868984700BF1037BD4680BD80B582B019
:103B400000AF786039607B681B681C331B6839687C
:103B50007868984700BF0837BD4680BD80B582B001
:103B600000AF786039607B681B6820331B68396858
:103B70007868984700BF0837BD4680BD80B582B0E1
:103B800000AF786039607B681B6824331B68396834
:103B90007868984700BF0837BD4680BD80B582B0C1
:103BA00000AF786039607B681B6828331B68396810
:103BB0007868984700BF0837BD4680BD80B582B0A1
:103BC00000AF786039607B681B682C331B683968EC
:103BD0007868984700BF0837BD4680BD80B582B081
:103BE00000AF786039607B681B6830331B683968C8
:103BF0007868984700BF0837BD4680BD80B582B061
:103C000000AF786039603968786800F072FA03466E
:103C100018460837BD4680BD90B585B000AF7860C6
:103C20003960012138680BF079F8F86002213868B2
:103C30000BF074F8B8607B681B680C331C68BB68B9
:103C4000FA6839687868A04700BF1437BD4690BD50
:103C500080B584B000AF78603960012138680BF01E
:103C60005DF8F8607B681B6810331B68FA68396878
:103C70007868984700BF1037BD4680BD80B582B0D8
:103C800000AF786039607B681B6814331B68396843
:103C90007868984700BF0837BD4680BD90B589B0A9
:103CA00002AF78603960022138680BF037F878612C
:103CB000032138680BF032F83861042138680BF0C2
:103CC0002DF8F8607B681B6818331C68FB6800934C
:103CD0003B697A6939687868A04700BF1C37BD46E0
:103CE00090BD90B585B000AF78603960022138682A
:103CF0000BF014F8F860032138680BF00FF8B86087
:103D00007B681B681C331C68BB68FA683968786874
:103D1000A04700BF1437BD4690BD80B582B000AF4C
:103D2000786039607B681B6820331B683968786865
:103D3000984700BF0837BD4680BD80B582B000AF50
:103D4000786039607B681B6824331B683968786841
:103D5000984700BF0837BD4680BD80B582B000AF30
:103D6000786039607B681B6828331B68396878681D
:103D7000984700BF0837BD4680BD80B582B000AF10
:103D8000786039607B681B682C331B6839687868F9
:103D9000984700BF0837BD4680BD80B584B000AFEE
:103DA00078603960012138680AF0B8FFF8607B68F4
:103DB0001B6830331B68FA6839687868984700BF19
:103DC0001037BD4680BD80B582B000AF78603960E5
:103DD0007B681B6834331B6839687868984700BF74
:103DE0000837BD4680BD80B582B000AF78603960CD
:103DF0007B681B6838331B6839687868984700BF50
:103E00000837BD4680BD90B585B000AF7860396099
:103E1000022138680AF082FFF860032138680AF04E
:103E20007DFFB8607B681B683C331C68BB68FA6820
:103E300039687868A04700BF1437BD4690BD80B58B
:103E400084B000AF78603960022138680AF066FFFC
:103E5000F8607B681B6840331B68FA6839687868CB
:103E6000984700BF1037BD4680BD80B582B000AF17
:103E7000786039607B681B6844331B6839687868F0
:103E8000984700BF0837BD4680BD80B582B000AFFF
:103E9000786039603968786800F06DF90346184633
:103EA0000837BD4680BD80B582B000AF786039600C
:103EB0007B681B680C331B6839687868984700BFBB
:103EC0000837BD4680BD80B582B000AF78603960EC
:103ED0007B681B6810331B6839687868984700BF97
:103EE0000837BD4680BD80B582B000AF78603960CC
:103EF0007B681B6814331B6839687868984700BF73
:103F00000837BD4680BD80B582B000AF78603960AB
:103F10007B681B6818331B6839687868984700BF4E
:103F20000837BD4680BD80B582B000AF786039608B
:103F30007B681B681C331B6839687868984700BF2A
:103F40000837BD4680BD80B582B000AF786039606B
:103F50007B681B6820331B6839687868984700BF06
:103F60000837BD4680BD80B588B000AF7860396045
:103F700038680AF08DFE0346DAB207F10C031146E9
:103F8000184600F03BF9FB68002B06D13B6903F0B3
:103F90000103002B01D1012300E0002383F0010382
:103FA000FB77FB7F002B1BD07A6807F1140307F126
:103FB0000C0103C983E80300BB6903F00103002B74
:103FC00001D17B6906E0BB695B1013441B6879690A
:103FD0000B441B68B96949100A4439681046984770
:103FE000FB7F18462037BD4680BD80B588B000AF46
:103FF0007860396038680AF04BFE0346DAB207F1A0
:104000000C031146184600F02BF9FB68002B06D173
:104010003B6903F00103002B01D1012300E00023E1
:1040200083F00103FB77FB7F002B1BD07A6807F13D
:10403000140307F10C0103C983E80300BB6903F013
:104040000103002B01D17B6906E0BB695B101344BF
:104050001B6879690B441B68B96949100A443968BF
:1040600010469847FB7F18462037BD4680BD80B577
:1040700088B000AF7860396038680AF009FE0346FE
:10408000DAB207F10C031146184600F01BF9FB6881
:10409000002B06D13B6903F00103002B01D1012362
:1040A00000E0002383F00103FB77FB7F002B1BD094
:1040B0007A6807F1140307F10C0103C983E80300D0
:1040C000BB6903F00103002B01D17B6906E0BB69EA
:1040D0005B1013441B6879690B441B68B96949106C
:1040E0000A44396810469847FB7F18462037BD467A
:1040F00080BD80B588B000AF7860396038680AF05C
:10410000C7FD0346DAB207F10C031146184600F06A
:104110000BF9FB68002B06D13B6903F00103002B70
:1041200001D1012300E0002383F00103FB77FB7F33
:10413000002B1BD07A6807F1140307F10C0103C9A7
:1041400083E80300BB6903F00103002B01D17B6905
:1041500006E0BB695B1013441B6879690B441B685C
:10416000B96949100A44396810469847FB7F1846D8
:104170002037BD4680BD80B588B000AF786039601B
:1041800038680AF085FD0346DAB207F10C031146E0
:10419000184600F0FBF8FB68002B06D13B6903F0E2
:1041A0000103002B01D1012300E0002383F0010370
:1041B000FB77FB7F002B1BD07A6807F1140307F114
:1041C0000C0103C983E80300BB6903F00103002B62
:1041D00001D17B6906E0BB695B1013441B687969F8
:1041E0000B441B68B96949100A443968104698475E
:1041F000FB7F18462037BD4680BD000080B487B0E5
:1042000000AF78600B46FB70134B3B61124B7B6138
:10421000124BFB6010E07B69BB60BB681B7AFA78CD
:104220009A4206D17B68BA6892E8030083E80300EB
:104230000CE07B690C337B617A69FB689A42EAD1B6
:104240007B6800221A607B6800225A6078681C37FD
:10425000BD4680BC704700BF6C544100CC54410047
:1042600080B487B000AF78600B46FB70134B3B61A6
:10427000124B7B61124BFB6010E07B69BB60BB683B
:104280001B7AFA789A4206D17B68BA6892E80300F2
:1042900083E803000CE07B690C337B617A69FB687F
:1042A0009A42EAD17B6800221A607B6800225A6039
:1042B00078681C37BD4680BC704700BFCC544100B5
:1042C0001455410080B487B000AF78600B46FB7096
:1042D000134B3B61124B7B61124BFB6010E07B691F
:1042E000BB60BB681B7AFA789A4206D17B68BA68D1
:1042F00092E8030083E803000CE07B690C337B61E8
:104300007A69FB689A42EAD17B6800221A607B686E
:1043100000225A6078681C37BD4680BC704700BFD9
:10432000145541008C55410080B487B000AF7860CF
:104330000B46FB70134B3B61124B7B61124BFB60D6
:1043400010E07B69BB60BB681B7AFA789A4206D1A1
:104350007B68BA6892E8030083E803000CE07B699D
:104360000C337B617A69FB689A42EAD17B68002250
:104370001A607B6800225A6078681C37BD4680BC92
:10438000704700BF8C5541004056410080B487B053
:1043900000AF78600B46FB70134B3B61124B7B61A7
:1043A000124BFB6010E07B69BB60BB681B7AFA783C
:1043B0009A4206D17B68BA6892E8030083E803005A
:1043C0000CE07B690C337B617A69FB689A42EAD125
:1043D0007B6800221A607B6800225A6078681C376C
:1043E000BD4680BC704700BF405641008856410022
:1043F00080B582B000AF786000F08CF800F014F85F
:1044000000F02EF8054B064A1A60064B4FF457325F
:104410001A6100BF0837BD4680BD00BF08004020BC
:1044200080D1F00800060E4080B400AF0A4B0B4A62
:104430009A6200E000BF084B9B6E03F00203C3F3D7
:10444000400383F00103DBB2002BF3D100BF00BFB8
:10445000BD4680BC704700BF00060E40013F1820DB
:1044600080B400AF284B294A1A6000E000BF264BF9
:104470009B6803F00103C3F3000383F00103DBB285
:10448000002BF3D1224B1B6B214A23F070031363E3
:1044900000E000BF1E4B9B6E03F00803C3F3C00394
:1044A00083F00103DBB2002BF3D1194B1B6B23F418
:1044B0004073174A43F48073136300E000BF144B4A
:1044C0009B6E03F00803C3F3C00383F00103DBB268
:1044D000002BF3D10E4B1B6B23F003030C4A43F06C
:1044E0000203136300E000BF094B9B6E03F0080357
:1044F000C3F3C00383F00103DBB2002BF3D100BF91
:1045000000BFBD4680BC7047000C0E400006000492
:1045100000060E4080B400AF054B4FF400425A60D5
:10452000044B4FF400425A6000BFBD4680BC704748
:1045300050180E4000190E4080B400AF024B1846D0
:10454000BD4680BC704700BF80D1F00880B483B006
:1045500000AF78607B681F2B05D801227B689A40EA
:10456000074B1A6106E07B68203B01229A40044B0E
:10457000C3F8002100BF0C37BD4680BC704700BFA8
:1045800000060E4080B483B000AF7860044A7B68B8
:104590001A607B6818460C37BD4680BC704700BF68
:1045A000F070410080B584B000AFF8607A601A46C0
:1045B0000B46FB721346BB72FB681846FFF7E2FF1F
:1045C0001E4AFB681A60FB687A685A603B7E1C4A88
:1045D00052F82320FB689A603B7F01229A40FB68D7
:1045E000DA60FB68FA7A1A74FB68BA7A5A74FB6864
:1045F0003A7E9A74FB683A7FDA74FB6897F8202059
:104600001A75FB6800225A75FB6897F824209A7582
:10461000FB6897F82820DA75FB6897F82C201A7643
:10462000FB689B68002B03D12121064805F091FC13
:10463000FB6818461037BD4680BD00BF706E410054
:10464000885641009C56410080B582B000AF78602A
:104650000B46FB701346BB707B689B68002B36D003
:104660007B681B7CFA789A4203D00AF0B9FD0346B6
:1046700031E07B68DB68002B03D10AF0B1FD034613
:1046800029E07B685B7CBA789A4220D378680AF08C
:104690001CF90346002B10D07B681B7E002B06D034
:1046A0007B681B6814331B687868984705E07B6853
:1046B0001B6818331B68786898477B68987C7B6810
:1046C000D97C7B681A7D7B689B7D00F0B9F80AF085
:1046D0007AFD034600BF18460837BD4680BD80B44A
:1046E00083B000AF78607B689B68002B0BD07B6841
:1046F0009B68DA6B7B68DB681340002B14BF0123D7
:104700000023DBB200E0002318460C37BD4680BC16
:10471000704780B483B000AF78607B689B68002BE3
:1047200007D07B689B687A68D2681A63BFF34F8FA3
:1047300000BF00BF0C37BD4680BC704780B483B05B
:1047400000AF78607B689B68002B07D07B689B6814
:104750007A68D2685A63BFF34F8F00BF00BF0C372F
:10476000BD4680BC704780B483B000AF78607B6882
:104770009B68002B1CD07B689B68DA6B7B68DB68CE
:104780001340002B0CBF01230023DBB2002B07D00A
:104790007B689B687A68D2681A63BFF34F8F07E023
:1047A0007B689B687A68D2685A63BFF34F8F00BFFB
:1047B00000BF0C37BD4680BC704780B483B000AFEB
:1047C00078607B689B68002B0FD07B689B687A6859
:1047D000D2681A63BFF34F8F00BF7B689B687A680B
:1047E000D2685A63BFF34F8F00BF00BF0C37BD467E
:1047F00080BC704780B483B000AF786039607B685C
:104800009B68002B16D012E07B689B687A68D268A0
:104810001A63BFF34F8F00BF7B689B687A68D268CA
:104820005A63BFF34F8F00BF3B68013B3B603B685F
:10483000002BE9D100BF0C37BD4680BC704700009B
:1048400090B486B000AF0446084611461A46234687
:10485000FB710346BB710B467B7113463B71FB79C1
:104860004D4A52F82330FB60BB79012202FA03F370
:10487000BB607B79002B03D1FB68BA681A602EE01D
:10488000FB681B6F7B61FB685B6F3B617B79022B75
:1048900002D07B79042B04D17A69BB6813437B6116
:1048A00004E0BB68DB437A6913407B617B79032BAF
:1048B00002D07B79042B04D13A69BB6813433B6176
:1048C00004E0BB68DB433A6913403B61FB687A69EB
:1048D0001A67FB683A695A67FB68BA685A607B795D
:1048E000002B11D13B79032B02DC002B04DA0BE007
:1048F000043B022B08D803E0FB68BA685A6103E066
:10490000FB68BA681A6100BF3B79062B06D0062BFC
:1049100014DC012B02D0022B08D00FE0FB68BA6830
:10492000C3F89020FB68BA685A660FE0FB68BA6863
:104930001A66FB68BA68C3F8942007E0FB68BA6897
:104940001A66FB68BA68C3F8902000BF3B79053B44
:10495000012B03D8FB68BA681A6503E0FB68BA68E4
:104960005A6500BF3B79032B09D1FB68D3F80021BE
:10497000BB68DB431A40FB68C3F8002107E0FB6813
:10498000D3F80021BB681A43FB68C3F8002100BFBD
:104990001837BD4690BC7047885641002DE9F0415C
:1049A00084B002AF78607B681B7D002B10D07B68E1
:1049B0009B7C19467B68DB7C1A467B681B7D18460E
:1049C0007B685B680093034613480BF083FF1EE08F
:1049D0007B689B7C1D467B68DB7C1E467B689B7DE1
:1049E00098467B685C687B681B6810331B68786836
:1049F00098470346002B01D0012300E000230193D8
:104A0000009443463246294604480BF063FF00BF3A
:104A10000837BD46BDE8F0810457410020574100EA
:104A200080B500AF0A20FFF791FD0B20FFF78EFD48
:104A30000C20FFF78BFD1020FFF788FD1120FFF7FA
:104A400085FD00BF80BD000080B483B000AF034689
:104A5000FB7197F90730002B0BDBFB7903F01F028A
:104A6000064997F907305B09012000FA02F241F884
:104A7000232000BF0C37BD4680BC704700E100E03A
:104A800080B483B000AF0346FB7197F90730002B69
:104A900012DBFB7903F01F020A4997F907305B0923
:104AA000012000FA02F2203341F82320BFF34F8F98
:104AB00000BFBFF36F8F00BF00BF0C37BD4680BC87
:104AC000704700BF00E100E080B483B000AF034650
:104AD000FB7197F90730002B0CDBFB7903F01F0209
:104AE000074997F907305B09012000FA02F26033A9
:104AF00041F8232000BF0C37BD4680BC704700BF83
:104B000000E100E080B483B000AF03463960FB7180
:104B100097F90730002B0ADB3B68DAB20C4997F9AA
:104B200007305201D2B20B4483F800230AE03B68FD
:104B3000DAB20849FB7903F00F03043B5201D2B209
:104B40000B441A7600BF0C37BD4680BC704700BFCF
:104B500000E100E000ED00E080B584B000AFF86057
:104B6000B9607A60FB68D3F858317A68B96818463A
:104B700006F094FA0346012B0CBF01230023DBB29D
:104B800018461037BD4680BD80B584B000AFF860D0
:104B9000B9607A60FB68D3F8580107F10801002377
:104BA0007A6805F067FF0346012B0CBF0123002341
:104BB000DBB218461037BD4680BD80B582B000AF6D
:104BC000786039607B68D3F858310222396818461A
:104BD00006F0A6F80346012B0CBF01230023DBB22D
:104BE00018460837BD4680BD80B582B000AF7860FA
:104BF00039607B68D3F8580139460023022205F05A
:104C000035FE0346012B0CBF01230023DBB21846FF
:104C10000837BD4680BD000080B582B000AF786027
:104C2000054A7B681A607B68184600F069F87B6863
:104C300018460837BD4680BD4058410080B582B057
:104C400000AF78607868FFF7E7FF4FF4AE717868DF
:104C50000AF0DAFB7B6818460837BD4680BD0000C5
:104C600080B584B002AF78607B68184600F038F8F1
:104C7000194A7B681A607B68043354220021184665
:104C80000CF032F87B6858334FF4807200211846DC
:104C90000CF02AF87B680022C3F858217B6803F1E6
:104CA00058027B680433002100910421402005F064
:104CB00069FD02467B68C3F858217B68D3F85831F8
:104CC000002B03D11521054805F043F97B681846F0
:104CD0000837BD4680BD00BF405841003C574100E9
:104CE00080B483B000AF7860044A7B681A607B6848
:104CF00018460C37BD4680BC704700BF6058410065
:104D000080B483B000AF7860044A7B681A607B6827
:104D100018460C37BD4680BC704700BF6058410044
:104D200080B582B000AF78607868FFF7E9FF0421B2
:104D300078680AF069FB7B6818460837BD4680BD75
:104D400080B483B000AF0346FB71FB79002B01D127
:104D5000034B00E0002318460C37BD4680BC70476B
:104D60000C00402080B582B000AF0A4B1B687B600E
:104D70007B68002B03D0786800F022F905E015204D
:104D8000FFF77EFE1520FFF79FFE00BF0837BD46E8
:104D900080BD00BF6C02402080B483B000AF78605B
:104DA000044A7B681A607B6818460C37BD4680BC95
:104DB000704700BF9471410080B584B000AFF860C7
:104DC0000B467A60FB72FB681846FFF7E5FF174A4F
:104DD000FB681A60FB68FA7A1A71FB687A689A6055
:104DE000FB7A1846FFF7ACFF0246FB68DA60FB6807
:104DF00000221A74FB6800225A61FB6818331846B7
:104E0000FFF72EFFFB68DB68002B03D13721084832
:104E100005F09FF8FB681B79002B02D1054AFB685F
:104E20001360FB6818461037BD4680BDA46E410074
:104E3000A85741006C02402080B586B002AF786070
:104E40007B68DB68002B0FD07B68DB689B68FB60AE
:104E50007B681B7919460223019300230093044BBE
:104E6000FA6804480BF036FD00BF1037BD4680BD20
:104E700080841E000C58410080B582B000AF78607D
:104E80001520FFF763FB786800F072F8786800F08F
:104E900013F87B681B79002B02D1064A7B681360EC
:104EA0007B6800225A61786800F02CF800BF083750
:104EB000BD4680BD6C02402080B584B000AF7860F4
:104EC0007B68DB68002B16D07B68DB681B68FB60A7
:104ED000FFF732FB03460A4AA2FB0323DB0C1B024B
:104EE00003F47F43BB60BB6843F00202FB681A63B4
:104EF000FB6811225A6000BF1037BD4680BD00BF5D
:104F000083DE1B4380B586B000AF78607B68DB68CA
:104F1000002B29D07B68DB681B687B617B68DB68C2
:104F20001B79FB747B68DB689B68FB607B691B6893
:104F300043F001027B691A6097F913301846FFF7B6
:104F40009FFD97F91330F9681846FFF7DBFD7B6981
:104F500003225A6197F913301846FFF7B5FD97F908
:104F600013301846FFF770FD00BF1837BD4680BDEF
:104F700080B584B000AF78607B68DB68002B1AD006
:104F80007B68DB681B68FB607B68DB681B79FB72F6
:104F900097F90B301846FFF773FDFB6840F20F726C
:104FA0009A6197F90B301846FFF78EFD97F90B3091
:104FB0001846FFF749FD00BF1037BD4680BD000011
:104FC00080B586B000AF78607B68DB68002B29D0A5
:104FD0000023FB607B68DB681B687B617B691B6966
:104FE0003B613B6903F00203002B02D0786800F0BC
:104FF00061F83B6903F00103002B02D0786800F0F0
:1050000017F807F10C031946786800F099F8FB6867
:10501000002B07D0054B4FF080521A60BFF34F8F23
:10502000BFF36F8F00BF1837BD4680BD04ED00E0B1
:1050300080B586B000AF78607B68DB68002B35D028
:105040007B68DB681B687B617B699B68FB747B68A2
:105050005B69002B09D07B685B6918460AF090F900
:105060000346002B01D0012300E00023002B1AD0BF
:105070007B685B6918460AF048F9F860FB68002B0A
:1050800014D07B685B6918460AF097F90346FB72F7
:10509000FB7AFA681344FA7C1A707B685B691846DD
:1050A0000AF04DF902E07B6901229A6100BF1837CE
:1050B000BD4680BD80B586B000AF78607B68DB6898
:1050C000002B39D07B68DB681B687B617B685B6980
:1050D000002B09D07B685B6918460AF03FF903464C
:1050E000002B01D0012300E00023002B21D07B689E
:1050F0005B6918460AF0FEF838613B69002B14D052
:105100007B685B6918460AF04DF90346FB73FB7B2D
:105110003A6913441B78BB73BA7B7B69DA607B689E
:105120005B6918460AF0FCF806E07B6902229A6186
:1051300002E07B6902229A6100BF1837BD4680BD3C
:1051400080B582B000AF786039607B685B69002B06
:105150000CD07B685B6918460AF012F9034683F0AD
:105160000103DBB2002B01D0012300E00023002B60
:1051700007D03968786800F008F83968786800F076
:1051800030F800BF0837BD4680BD80B584B000AFA1
:10519000786039607B685B69002B1BD07B685B693A
:1051A000FB607B6800225A61F8680AF098F80346B1
:1051B0001A681432126818469047FB681B68083357
:1051C0001B68F868984703461A68143212683968F1
:1051D000184690477868FFF7CBFE00BF1037BD46F2
:1051E00080BD80B584B000AF78603960786809F020
:1051F0007CFB0346002B1DD00023FB607B6818332B
:1052000007F10C013A681846FFF7A6FC0346002B8D
:1052100010D0FA687B685A617B685B6918460AF0AF
:105220005EF803461A681832126818469047786884
:10523000FFF768FE00BF1037BD4680BD80B584B063
:1052400000AF7860786809F050FB0346002B1DD052
:105250000023FB607B68183307F10C0211461846E7
:10526000FFF7ABFC0346002B10D0FA687B685A614D
:105270007B685B6918460AF032F803461A681832F0
:105280001268184690477868FFF73CFE00BF103759
:10529000BD4680BD80B584B000AF78603960002322
:1052A000FB733B68002B19D07B68183339681846AC
:1052B000FFF79AFC0346002B10D07868FFF7BEFF7B
:1052C0003B681B6808331B683868984703461A68B0
:1052D00008321268184690470123FB73FB7B18467F
:1052E0001037BD4680BD000080B483B000AF0346D8
:1052F000FB7197F90730002B0BDBFB7903F01F02E2
:10530000064997F907305B09012000FA02F241F8DB
:10531000232000BF0C37BD4680BC704700E100E091
:1053200080B483B000AF0346FB7197F90730002BC0
:1053300012DBFB7903F01F020A4997F907305B097A
:10534000012000FA02F2203341F82320BFF34F8FEF
:1053500000BFBFF36F8F00BF00BF0C37BD4680BCDE
:10536000704700BF00E100E080B483B000AF0346A7
:10537000FB7197F90730002B0CDBFB7903F01F0260
:10538000074997F907305B09012000FA02F2603300
:1053900041F8232000BF0C37BD4680BC704700BFDA
:1053A00000E100E080B483B000AF03463960FB71D8
:1053B00097F90730002B0ADB3B68DAB20C4997F902
:1053C00007305201D2B20B4483F800230AE03B6855
:1053D000DAB20849FB7903F00F03043B5201D2B261
:1053E0000B441A7600BF0C37BD4680BC704700BF27
:1053F00000E100E000ED00E080B584B000AFF860AF
:10540000B9607A60FB68D3F8D8307A68B968184612
:1054100005F044FE0346012B0CBF01230023DBB241
:1054200018461037BD4680BD80B584B000AFF86027
:105430000B467A60FB72FB68D3F8D80007F10B01CA
:1054400000237A6805F016FB0346012B0CBF0123ED
:105450000023DBB218461037BD4680BD80B582B050
:1054600000AF786039607B68D3F8D83002223968A1
:10547000184605F055FC0346012B0CBF0123002301
:10548000DBB218460837BD4680BD80B582B000AF9C
:1054900078600B46FB707B68D3F8D800F91C0023BA
:1054A000022205F0E3F90346012B0CBF0123002380
:1054B000DBB218460837BD4680BD80B584B000AF6A
:1054C000F860B9607A60FB6803F580539B6D7A6879
:1054D000B968184605F0E2FD0346012B0CBF012315
:1054E0000023DBB218461037BD4680BD80B584B0BE
:1054F00000AFF8600B467A60FB72FB6803F58053DF
:10550000986D07F10B0100237A6805F0B3FA0346A2
:10551000012B0CBF01230023DBB218461037BD4618
:1055200080BD80B582B000AF786039607B6803F5DC
:1055300080539B6D02223968184605F0F1FB034643
:10554000012B0CBF01230023DBB218460837BD46F0
:1055500080BD80B582B000AF78600B46FB707B6881
:1055600003F58053986DF91C0023022205F07EF9A3
:105570000346012B0CBF01230023DBB2184608377A
:10558000BD4680BD80B582B000AF7860054A7B68BB
:105590001A607B68184600F0CDF87B68184608371B
:1055A000BD4680BD5059410080B582B000AF7860E3
:1055B0007868FFF7E7FF41F25C01786809F024FFA3
:1055C0007B6818460837BD4680BD000080B584B0B2
:1055D00002AF78607B68184600F09CF81B4A7B6835
:1055E0001A607B6804335422002118460BF07CFBC0
:1055F0007B6858334FF48052002118460BF074FB3F
:105600007B6803F580531A46002393657B6803F19A
:1056100058027B6804330021009101214FF480502F
:1056200005F0B0F802467B6803F580539A657B6805
:1056300003F580539B6D002B03D11521044804F022
:1056400088FC7B6818460837BD4680BD505941002C
:105650007858410080B582B000AF7860054A7B6819
:105660001A607B68184600F065F87B6818460837B2
:10567000BD4680BD7059410080B582B000AF7860F2
:105680007868FFF7E7FFDC21786809F0BDFE7B68EA
:1056900018460837BD4680BD80B584B002AF78603B
:1056A0007B68184600F036F8184A7B681A607B68F9
:1056B00004335422002118460BF016FB7B68583344
:1056C0008022002118460BF00FFB7B680022C3F8F4
:1056D000D8207B6803F158027B68043300210091D5
:1056E0000121802005F04EF802467B68C3F8D820DF
:1056F0007B68D3F8D830002B03D11521044804F07F
:1057000028FC7B6818460837BD4680BD70594100AB
:105710007858410080B483B000AF7860044A7B6859
:105720001A607B6818460C37BD4680BC704700BFC6
:105730009059410080B483B000AF7860044A7B6820
:105740001A607B6818460C37BD4680BC704700BFA6
:105750009059410080B582B000AF78607868FFF75B
:10576000E9FF0421786809F04FFE7B681846083786
:10577000BD4680BD80B483B000AF0346FB71FB79AA
:10578000012B01D1034B00E0002318460C37BD4626
:1057900080BC70471800402080B500AF074B1B68E5
:1057A000002B05D0054B1B68184600F0B3F802E04B
:1057B0000E20FFF7B5FD00BF80BD00BF7002402086
:1057C00080B483B000AF7860044A7B681A607B685D
:1057D00018460C37BD4680BC704700BFDC714100E5
:1057E00080B582B000AF78600B46FB707B681846CE
:1057F000FFF7E6FF114A7B681A607B68FA781A7136
:10580000FB781846FFF7B6FF02467B689A607B6814
:105810000C331846FFF740FF7B68E8331846FFF764
:10582000D5FE7B689B68002B03D14721044804F018
:1058300090FB7B6818460837BD4680BDBC6E4100B2
:10584000E458410080B582B000AF7860786800F01D
:1058500007F8786800F032F800BF0837BD4680BD11
:1058600080B584B000AF78607B689B68002B1FD048
:105870007B689B681B68FB607B689B68DB68BB6020
:10588000B868FEF763FEFB684FF486721A60FB6827
:1058900050221A60FB684FF40C625A60FB68512278
:1058A0001A627B681B79012B02D1034A7B68136063
:1058B00000BF1037BD4680BD7002402080B584B067
:1058C00000AF78607B689B68002B1FD07B689B686B
:1058D0001B79FB737B689B689B68BB6097F90F30F3
:1058E0001846FFF71DFD97F90F30B9681846FFF706
:1058F00059FD97F90F301846FFF736FD97F90F302D
:105900001846FFF7F1FC786800F0C0F800BF1037C8
:10591000BD4680BD80B586B000AF78607B689B686F
:10592000002B39D07B689B681B687B611C4B1B6814
:1059300001331B4A13607B695B693B613B6903F080
:10594000E003FB60FB68002B02D07B69E022DA6099
:105950000023BB603B6903F00103002B05D007F176
:1059600008031946786800F01FF83A6940F20223EC
:105970001340002B05D007F108031946786800F0A2
:105980004BF8BB68002B07D0064B4FF080521A60D3
:10599000BFF34F8FBFF36F8F00BF1837BD4680BD79
:1059A0007402402004ED00E080B584B000AF786060
:1059B00039607B689B68002B25D07B689B681B68DF
:1059C000FB6017E0FB689B69FB727B680C33F97A1C
:1059D0003A681846FFF728FD0346002B05D00C4B0C
:1059E0001B6801330A4A136004E00A4B1B68013349
:1059F000084A1360FB685B6903F00103C3F300030B
:105A0000DBB2002BDED100BF1037BD4680BD00BF2A
:105A1000800240208402402080B584B000AF7860CE
:105A200039607B689B68002B2AD07B689B681B6869
:105A3000FB6019E07B68E83307F10B013A68184610
:105A4000FFF73BFD0346002B09D0FB7A1A46FB68A3
:105A5000DA610D4B1B6801330B4A136004E0786870
:105A600000F03DF800BF0BE0FB685A6940F20223EA
:105A70001340002B14BF01230023DBB2002BD9D12C
:105A800000BF1037BD4680BD7802402080B485B08D
:105A900000AF78607B689B68002B06D07B689B68B2
:105AA0001B68FB60FB6801229A6000BF1437BD468B
:105AB00080BC704780B485B000AF78607B689B681D
:105AC000002B07D07B689B681B68FB60FB6840F27B
:105AD00002229A6000BF1437BD4680BC704780B474
:105AE00085B000AF78607B689B68002B07D07B682F
:105AF0009B681B68FB60FB6840F20222DA6000BF13
:105B00001437BD4680BC704780B586B000AFF860E2
:105B1000B9607A6007E07B68002B04D07B68FA7D6F
:105B20001146B8689847FB680C3307F11702114615
:105B30001846FFF793FC0346002BECD101231846CF
:105B40001837BD4680BD000080B586B000AFF86054
:105B5000B9607A6000237B6118E0FB6803F1E8021A
:105B6000BB681B7819461046FFF7F3FC0346002B71
:105B700006D0BB680133BB607B6901337B6105E004
:105B80000B4B1B6801330A4A136009E07B685A1EFD
:105B90007A60002BCCBF01230023DBB2002BDCD1C9
:105BA000F868FFF787FF7B6918461837BD4680BD48
:105BB0007C02402080B582B000AF264B4FF40042FB
:105BC0005A60254B4FF400425A60244B7B60244BB3
:105BD0003B607A683B689A420CD007E07B681A1DEC
:105BE0007A601A683B68191D39601A603B681D4A63
:105BF0009342F3D31C4B3B6004E03B681A1D3A60B0
:105C000000221A603B68194A9342F6D3184B7B6016
:105C10007B68184A23F07F039360164B4FF4E02211
:105C20005A62154B002B01D0134B98470BF0D2F85A
:105C3000124B002B01D0114B984704F01FF9104B69
:105C4000002B02D00E4B984700E0FEE70837BD4618
:105C500080BD00BF50180E4000190E402076410054
:105C6000000040200C0240201002402018834320F6
:105C70000000400000ED00E0000000000000000017
:105C80000000000080B483B000AF78601B4B9B6ABB
:105C90001B4A1360194BDB6A1A4A1360174BD3F87F
:105CA000A832194A1360154B5B6B184A1360134BEB
:105CB0009B6B174A13607B681B68164A13607B68EE
:105CC0005B68154A13607B689B68144A13607B68A5
:105CD000DB68134A13607B681B69124A13607B6898
:105CE0005B69114A13607B689B69104A13607B688B
:105CF000DB690F4A136000BE00BFFDE700ED00E066
:105D0000880240208C0240209002402094024020D3
:105D1000980240209C024020A0024020A402402083
:105D2000A8024020AC024020B0024020B402402033
:105D3000B80240201EF0040F0CBFEFF30880EFF311
:105D40000980FFF79FBF00BF1EF0040F0CBFEFF3E9
:105D50000880EFF30980FFF795BF00BF80B400AF64
:105D60000B4B9B6A0B4A1360094BDB6A0A4A1360B0
:105D7000074BD3F8A832094A1360054B5B6B084AFE
:105D80001360034B9B6B074A136000BE00BFFDE727
:105D900000ED00E0880240208C024020900240206C
:105DA000940240209802402080B400AF0B4B9B6AC5
:105DB0000B4A1360094BDB6A0A4A1360074BD3F89E
:105DC000A832094A1360054B5B6B084A1360034B0A
:105DD0009B6B074A136000BE00BFFDE700ED00E0CB
:105DE000880240208C0240209002402094024020F3
:105DF0009802402080B400AF0B4B9B6A0B4A1360A3
:105E0000094BDB6A0A4A1360074BD3F8A832094AE8
:105E10001360054B5B6B084A1360034B9B6B074A8F
:105E2000136000BE00BFFDE700ED00E088024020E7
:105E30008C02402090024020940240209802402092
:105E400080B400AF094B9B6A094A1360074BDB6AB9
:105E5000084A1360054B5B6B074A1360034B9B6B4F
:105E6000064A136000BE00BFFDE700BF00ED00E082
:105E7000880240208C02402094024020980240205A
:105E800080B400AF094B9B6A094A1360074BDB6A79
:105E9000084A1360054B5B6B074A1360034B9B6B0F
:105EA000064A136000BE00BFFDE700BF00ED00E042
:105EB000880240208C02402094024020980240201A
:105EC00080B485B000AFF860B9607A60FB68043BCD
:105ED000FB60FB684FF080721A60FB68043BFB605C
:105EE000BB6823F00102FB681A60FB68043BFB609F
:105EF0000C4AFB681A60FB68143BFB607A68FB681D
:105F00001A60FB68043BFB60FB686FF002021A60DA
:105F1000FB68203BFB60FB6818461437BD4680BC1D
:105F2000704700BF295F400080B582B000AF0023FA
:105F30003B600F4B1B68B3F1FF3F03D0EE210D48D0
:105F400004F007F84FF0A00372B683F31188BFF393
:105F50006F8FBFF34F8F62B67B6000BF00BF3B689F
:105F6000002BFCD000BF00BF0837BD4680BD00BF7E
:105F700028004020A8594100064B19680868B0E87D
:105F8000F04F80F30988BFF36F8F4FF0000080F36C
:105F900011887047707F432000BF00BF0848006829
:105FA000006880F308884FF0000080F3148862B620
:105FB00061B6BFF34F8FBFF36F8F00DF00BF0000EC
:105FC00008ED00E000BF00BF80B586B000AF4A4BCF
:105FD0001B687B617B692C331B68484A934204D061
:105FE0004FF4A571464803F0B4FF7B6938331B6852
:105FF000444A934204D040F24B11414803F0A9FFB8
:106000000023BB60404B3B613B691B78DBB2FB73F9
:106010003B69FF221A703B691B78DBB2FB71FB798D
:10602000DBB223F05F03DAB2384B1A70374B1B78C0
:10603000002B04D14FF4B771314803F08AFFFB798C
:10604000DBB2DB4303F0A003002B0DD04FF4B9719A
:106050002B4803F07EFF07E0BB680133BB60FB7990
:10606000DBB25B00DBB2FB71FB79DBB203F08003D8
:10607000802BF1D0BB68082B03D1254B00221A607E
:1060800004E0BB68C3F10703214A1360204B1B687F
:106090001B021F4A13601E4B1B6803F4E0631C4A7B
:1060A0001360FB7BDAB23B691A701A4B1B68194A02
:1060B00043F47F031360174B1B68164A43F07F437A
:1060C0001360154B00221A6000F0D2F8134B002227
:1060D0001A6000F0EFF8124B1B68114A43F040437E
:1060E0001360FFF75BFF05F0D7FFFFF71DFF0023ED
:1060F00018461837BD4680BD08ED00E0795F4000C6
:10610000A8594100C561400000E400E0BC02402005
:10611000C002402020ED00E01CED00E028004020FF
:1061200034EF00E080B582B000AF4FF0A00372B64C
:1061300083F31188BFF36F8FBFF34F8F62B67B601D
:1061400000BF0B4B1B680133094A1360084B1B68E7
:10615000012B09D1074B1B68DBB2002B04D040F2A6
:10616000DB11054803F0F5FE00BF0837BD4680BDD2
:106170002800402004ED00E0A859410080B582B01D
:1061800000AF0E4B1B68002B04D14FF4F1710C488B
:1061900003F0DFFE094B1B68013B084A1360074B05
:1061A0001B68002B05D100237B607B6883F311887B
:1061B00000BF00BF0837BD4680BD00BF280040209B
:1061C000A8594100EFF30980BFF36F8F144B1A6891
:1061D0001EF0100F08BF20ED108A20E9F04F10606C
:1061E00009B44FF0A00072B680F31188BFF34F8F4F
:1061F000BFF36F8F62B605F04FFF4FF0000080F3E2
:10620000118809BC19680868B0E8F04F1EF0100F3B
:1062100008BFB0EC108A80F30988BFF36F8F704716
:10622000707F432000BF00BF80B582B000AF4FF049
:10623000A00372B683F31188BFF36F8FBFF34F8F44
:1062400062B67B6000BF05F013FE0346002B03D04F
:10625000064B4FF080521A6000233B603B6883F38B
:10626000118800BF00BF0837BD4680BD04ED00E0C7
:1062700080B400AF0A4B00221A600A4B00221A6059
:10628000094B1B68094AA2FB03239B09084A013BEF
:106290001360034B07221A6000BFBD4680BC7047E5
:1062A00010E000E018E000E008004020D34D62104C
:1062B00014E000E0DFF80C00016841F470010160B7
:1062C0007047000088ED00E000BF00BF80B582B0DD
:1062D00000AFEFF305837B607B680F2B0ED9104A6C
:1062E0007B6813441B78FB700E4B1B78FA789A423C
:1062F00004D240F26E310C4803F02BFE0B4B1B68AE
:1063000003F4E0620A4B1B689A4204D940F27E31E2
:10631000054803F01EFE00BF0837BD4680BD00BF24
:10632000F0E300E0BC024020A85941000CED00E081
:10633000C002402080B485B000AF7860104BFB6095
:10634000104B1B68002B02D10E4B0F4A1A600D4BED
:106350001B68BB60BA687B681344FA689A4202DA29
:106360004FF0FF3306E0074B1A687B681344054A79
:106370001360BB6818461437BD4680BC704700BF29
:10638000FFFF4520C402402018A3442080B483B0FE
:1063900000AF78604FF0FF3318460C37BD4680BC25
:1063A000704780B483B000AF786039603B684FF4C9
:1063B00000525A60002318460C37BD4680BC704717
:1063C00080B483B000AF7860012318460C37BD4617
:1063D00080BC704780B485B000AFF860B9607A6067
:1063E000002318461437BD4680BC704780B483B084
:1063F00000AF786000BEFEE780B483B000AF786085
:10640000396000BF0C37BD4680BC704780B400AF18
:106410004FF0FF331846BD4680BC704780B582B050
:1064200000AF78600B46FB700A4B1B68002B0BD04B
:10643000084B1B681B6818331B68064A1268F978FA
:1064400010469847012301E04FF0FF331846083704
:10645000BD4680BDD402402080B584B000AFF86056
:10646000B9607A600A4B1B68002B0BD0084B1B6885
:106470001B6814331B68064A10687A68B968984725
:10648000034601E04FF0FF3318461037BD4680BD8C
:10649000D402402080B483B000AF786039603B689C
:1064A00021221A7000BF0C37BD4680BC704780B4F3
:1064B00085B000AFF860B9607A604FF0FF331846DE
:1064C0001437BD4680BC704780B582B000AF78609D
:1064D0000F4B00221A600F4B0F4A1A600F4B104AE5
:1064E0001A60104B1B685B68002118460AF06AFAB4
:1064F0000C4B1B689B68002118460AF063FA7B6806
:106500001B68094A136000BF0837BD4680BD00BF45
:10651000C8024020CC0240201D644000D002402030
:1065200095644000BC014020D402402080B500AFFB
:1065300002480AF0CFF900BF80BD00BF105A4100E9
:1065400080B500AF02480AF035FA00BF80BD00BF39
:106550001C5A410080B582B000AF7860FFF7E6FFBB
:1065600078680AF0B7F9FFF7EBFF00BF0837BD46C0
:1065700080BD80B582B000AF78603960FFF7D6FF8C
:10658000396878680AF0A6F9FFF7DAFF00BF083724
:10659000BD4680BD80B584B000AFF860B9607A6058
:1065A000FFF7C4FF7A68B968F8680AF093F9FFF753
:1065B000C7FF00BF1037BD4680BD80B5AAB000AF91
:1065C000786007F10C039022002118460AF08CFB3A
:1065D0007B689B691B681C331B687A68926907F1AA
:1065E0009F01104698470346C7F8A03007F1A00363
:1065F000184608F00EFE0346002B05D097F89F3092
:106600001946786800F036F807F10C0319467868E7
:1066100000F017F80346C7F8A43007F1A4031846A2
:1066200008F0F7FD0346002BD2D07B68DB691B68BE
:1066300008331B687A68D26907F10C011046984745
:10664000C6E780B584B000AF786039607B6803F539
:106650000D733968184600F095F903461A4607F19C
:106660000C031146184608F09AFDFB6818461037CF
:10667000BD4680BD80B5AAB000AF78600B46FB7008
:10668000454BC7F89C30FB781946786800F086F8CF
:106690000346002B7CD07B680022C3F8542B7B6818
:1066A00003F6D8307B6803F65833802219460AF087
:1066B000B8FB07F10C039022002118460AF014FBE6
:1066C0007B6803F6583307F19C01032218460AF051
:1066D00013FB0346002B0CBF0123002387F8A330D4
:1066E0007B68203397F8A3201146184608F08AFAF1
:1066F00097F8A330002B0CD07B6803F120007B6857
:1067000003F65833033307F10C02194600F0F2FD8B
:1067100025E07B6803F65833C7F8A4300FE0D7F8BC
:10672000A4301B7818460AF007F80346DAB2D7F807
:10673000A4301A70D7F8A4300133C7F8A430D7F8C2
:10674000A4301B78002BEAD17B6803F120007B6822
:1067500003F6583307F10C02194600F0CBFD07F1A0
:106760000C03184608F015FB0346002B10D097F8D1
:10677000A32007F10C031146184608F0EFFA7B68D6
:1067800003F50D7307F10C021146184600F03DF9B0
:1067900000BFA837BD4680BD41542B0080B584B0F2
:1067A00000AF78600B46FB700023FB737B68D3F867
:1067B000543B7F2B94BF01230023DBB2002B00F05E
:1067C000CD807B68D3F8503B002B07DD7B68D3F886
:1067D000503B5A1E7B68C3F8502BC5E07B68D3F84A
:1067E000543B002B0CBF01230023DBB2002B59D0FC
:1067F000FB781F2B1ED9FB787E2B1BD8786808F0FE
:10680000B0F90346002B04D0FB78194659480AF02A
:1068100061F8F9787B68D3F8543B7A6813440A46E8
:1068200083F8582B7B68D3F8543B5A1C7B68C3F819
:10683000542B99E0FB781B2B27D17B680222C3F8ED
:10684000502B7B6803F658307B6803F6D8338022E0
:1068500019460AF0E6FA7B6803F6583318460AF040
:10686000EEFA02467B68C3F8542B786808F079F991
:106870000346002B78D00D200AF03EF87B6803F623
:10688000583318460AF026F86EE0FB787F2B6BD061
:10689000786808F066F90346002B65D036480AF0A0
:1068A00089F861E0FB781F2B20D9FB787E2B1DD85F
:1068B000FB783B2B1AD0786808F053F90346002B7D
:1068C00003D0FB7818460AF017F8F9787B68D3F8FC
:1068D000543B7A6813440A4683F8582B7B68D3F8F4
:1068E000543B5A1C7B68C3F8542B3DE0FB78082BC3
:1068F00002D0FB787F2B10D1786808F032F903467C
:10690000002B02D01D4809F0E5FF7B68D3F8543B0B
:106910005A1E7B68C3F8542B26E0FB780A2B05D05F
:10692000FB780D2B02D0FB783B2B1DD1786808F04B
:1069300018F90346002B02D011480AF03BF87B6897
:10694000D3F8543B7A681344002283F8582B7B68B1
:106950000022C3F8542B0123FB7305E07B6800225F
:10696000C3F8542B0123FB73FB7B18461037BD463D
:1069700080BD00BF505A4100545A4100585A41004E
:106980005C5A410080B584B000AF786039607B68A4
:106990005A697B689B699A4214BF01230023FB73E9
:1069A000FB7B002B27D07B685A691346DB0013441E
:1069B0001B0118337A68134404333A6810461946A9
:1069C0008D231A460AF02DFA7B685B695A1C7B6896
:1069D0005A617B685B690F2B8CBF01230023DBB2FC
:1069E000002B02D07B6800225A617B685B685A1CCE
:1069F0007B685A6004E07B689B685A1C7B689A60DD
:106A0000FB7B18461037BD4680BD80B584B000AF13
:106A1000786039600023FB73786800F037F803462C
:106A2000002B05D07B681B695A1C7B681A6128E023
:106A30007B689A691346DB0013441B0118337A689C
:106A400013441A1D3B68104619468D231A460AF056
:106A5000E8F97B689B695A1C7B689A617B689B6933
:106A60000F2B8CBF01230023DBB2002B02D07B68ED
:106A700000229A617B681B685A1C7B681A6001239C
:106A8000FB73FB7B18461037BD4680BD80B584B0D4
:106A900000AF7860786800F013F8F8607B68DB6816
:106AA000FA689A4202D97B68FA68DA60FB680D2BB3
:106AB0008CBF01230023DBB218461037BD4680BDD2
:106AC00080B483B000AF78607B689A697B685B694B
:106AD0009A422CBF01230023DBB2002B05D07B6838
:106AE0009A697B685B69D31A05E07B689A697B6861
:106AF0005B69D31A103318460C37BD4680BC70470B
:106B000080B582B000AF78607B681B680C331B686F
:106B10007A6840F2574110469847F5E780B582B051
:106B200000AF78607B680433184608F011F87B6882
:106B300003F54663184607F07DFF00BF0837BD46E2
:106B400080BD80B582B000AF78607B689B691B68B0
:106B500014331B687A689269104698477B68DB6932
:106B60001B6814331B687A68D2691046984700BFC7
:106B70000837BD4680BD80B582B000AF78607B68C5
:106B80001B680C331B687A684FF47A71104698477B
:106B9000786800F001F8F2E780B582B000AF786065
:106BA0007B6893F8203083F00103DAB27B6883F8C6
:106BB00020207B6893F82030002B12D07B689B69E3
:106BC0001B6814331B687A689269104698477B6883
:106BD000DB691B6818331B687A68D26910469847CE
:106BE00011E07B689B691B6818331B687A6892699F
:106BF000104698477B68DB691B6814331B687A680A
:106C0000D2691046984700BF0837BD4680BD80B4A2
:106C100085B000AFF860B9607A603B60FB68BA6825
:106C20001A60FB6800221A71FB687A689A60FB6838
:106C30003A68DA60FB6800221A74FB681846143759
:106C4000BD4680BC7047B0B582B000AF78607B684D
:106C500000221A607B6804330F241D4604E0284696
:106C600001F088F9013C1835002CF8DA7B681846E9
:106C70000837BD46B0BD000080B5EAB000AF07F5EB
:106C8000D473A3F5CE73186007F5D473A3F5D2734C
:106C90001A6007F5D473A3F29D130A461A7007F51C
:106CA000CC730121184608F07AFA07F5D473A3F5DE
:106CB000CE731B6807F5D472A2F29D1212781A7176
:106CC00007F5D473A3F5CA7318464FF4C2731A4676
:106CD00000210AF009F807F114031846FFF7B3FF83
:106CE00007F5D473A3F5CE731B689B68C7F8A4316E
:106CF00036E007F11403184607F09AFF07F1140372
:106D0000D7F8A411184600F00DFE0346C7F89C31D1
:106D100007F5CE73184608F07CFA0346002B1CD00A
:106D2000D7F8A4311A6907F1140107F5D473A3F554
:106D3000CE73186800F0E8F80346C7F89831D7F822
:106D4000A4311833C7F8A43107F5CC73184608F0FE
:106D500070FA0346002B03D00BE00023C7F8A431E0
:106D6000D7F8A431002B04D0D7F8A4311B78002B1E
:106D7000BFD107F5D473A3F29D131B78002B26D047
:106D8000184809F017FE0023C7F8A03116E007F5F0
:106D9000D473A3F5CE731B68DB68D7F8A021D2B2F9
:106DA0001046984703461A46D7F8A0110E4809F036
:106DB00091FDD7F8A0310133C7F8A03107F5D4739E
:106DC000A3F5D273D7F8A0211B689A42DFD30748F6
:106DD00009F0F0FDD7F89831184607F5D477BD468D
:106DE00080BD00BF605A4100845A4100945A41005E
:106DF00080B5E6B000AF07F5CC73A3F5CA73186091
:106E000007F5CC73A3F5CC73196007F5C6730121A0
:106E1000184608F0C4F907F5CC73A3F5C8731846F3
:106E20004FF4C2731A46002109F05EFF07F1080310
:106E30001846FFF708FF07F5CC73A3F5CA731B6864
:106E40009B68C7F894312F4809F0B4FD47E0D7F8A4
:106E500094315B881A4607F5CC73A3F5CC731B6895
:106E6000934237D107F10803184607F0E1FE07F116
:106E70000803D7F89411184600F054FD0346C7F8EC
:106E8000903107F5C873184608F0C3F90346002B84
:106E90001CD0D7F894311A6907F1080107F5CC73B3
:106EA000A3F5CA73186800F02FF80346C7F88C31B1
:106EB000D7F894311833C7F8943107F5C6731846DC
:106EC00008F0B7F90346002B09D011E00023C7F8FA
:106ED000943104E0D7F894311833C7F89431D7F8D7
:106EE0009431002B04D0D7F894311B78002BAED10D
:106EF000044809F05FFDD7F88C31184607F5CC77C8
:106F0000BD4680BD985A410080B58CB000AFF86096
:106F1000B9607A6007F128030121184608F03FF9AB
:106F20007B68002B03D07B681B78002B16D1FB6895
:106F30001B79002B04D0B968F86800F043F94AE0E7
:106F4000FB681B7C002B04D0B968F86800F0B8F827
:106F500041E0B968F86800F043F83CE007F110033D
:106F6000184601F007F82FE07968B86800F0DAFCFD
:106F70000346FB6207F12C03184608F04AF9034662
:106F8000002B1AD07B681B691A46B968F868FFF7AE
:106F9000BBFF0346BB6207F110031946B86800F057
:106FA000EAFC7B6818337B6007F12803184608F079
:106FB00040F90346002B07D00DE007F128031846DF
:106FC00008F01BF900237B607B68002B03D07B68F3
:106FD0001B78002BC8D1BB6A18463037BD4680BD30
:106FE00080B58CB000AF786039600023FB6207F198
:106FF0000C03184600F0BEFF3DE03B6A002B2CD08E
:107000003B6A1B78002B28D0FB6A012B05D13B6A19
:107010001946264809F05EFC2DE03B7B082B12D177
:107020000623BB6205E0092009F066FCBB6A013B50
:10703000BB62BA6AFB6A9A42F5D83B6A19461C4899
:1070400009F048FC17E03B6A1B785F2B13D03B6AC2
:107050001946184809F03EFC0DE0FB89002B0AD0C8
:107060007B68DB68FA89D2B2104698470346194616
:10707000114809F02FFCFB6A5A1CFA6207F10C0256
:107080001946386800F0B2FC03467B6207F124031E
:10709000184608F0BEF80346002BAED1074809F0A9
:1070A00089FC00BF3037BD4680BD00BFA05A4100FB
:1070B000A85A4100B05A4100B45A4100985A4100C0
:1070C00080B58CB000AF786039600023FB6200238C
:1070D00087F82B3007F10C03184600F04BFF4BE00C
:1070E0003B6A002B22D03B6A1B78002B1ED0FB6A28
:1070F000012B08D1012387F82B303B6A19462B4816
:1071000009F0E8FB38E03B7B082B05D13B6A1946C8
:10711000274809F0DFFB2FE03B6A1B785F2B2BD061
:107120003B6A1946234809F0D5FB25E0FB89002B73
:1071300022D03B7B052B1ED097F82B30002B0ED096
:10714000002387F82B307B68DB68FA89D2B21046BF
:10715000984703461946184809F0BCFB0CE07B68C9
:10716000DB68FA89D2B2104698470346194613489D
:1071700009F0B0FB00E000BFFB6A5A1CFA6207F19D
:107180000C021946386800F031FC03467B6207F1B7
:107190002403184608F03DF80346002BA0D1084808
:1071A00009F008FC00BF3037BD4680BDBC5A410025
:1071B000C45A4100D05A4100D45A4100DC5A41001F
:1071C000985A410090B58DB000AF786039600023C7
:1071D000FB6207F10C03184600F0CCFE44E03B6A6A
:1071E000002B30D03B6A1B78002B2CD0FB6A012B84
:1071F00007D1FB8919463B6A1A46284809F06AFB01
:1072000032E03B7B082B12D10623BB6205E009204C
:1072100009F072FBBB6A013BBB62BA6AFB6A9A4225
:10722000F5D83B6A19461E4809F054FB1CE03B6A3E
:107230001B785F2B18D0FB8919463B6A1A46194800
:1072400009F048FB10E0FB89002B0DD0FB891C46A0
:107250007B68DB68FA89D2B21046984703461A4623
:107260002146114809F036FBFB6A5A1CFA6207F105
:107270000C021946386800F0B9FB03467B6207F13F
:107280002403184607F0C5FF0346002BA7D1074883
:1072900009F090FB00BF3437BD4690BDE45A410071
:1072A000A85A4100F45A4100005B4100985A41003D
:1072B00080B582B000AF786039607B6818464FF4C3
:1072C00000731A46002109F00FFD7B6803F5007377
:1072D00079681022184600F0B0FB7B683A68C3F862
:1072E0000C227B68002283F810227B68184608373E
:1072F000BD4680BD80B586B000AFF860B9607A60E9
:10730000786807F0AFFCBB68002B12D0FB6803F570
:10731000007307F11402B968184600F0A3FBB860C7
:107320007B69002B05DD7B697A681946F86800F0F7
:1073300005F8BB6818461837BD4680BD80B588B0D3
:1073400000AFF860B9607A600023FB61FB68D3F896
:107350000C32BB6111E0FB695A1CFA615B01FA68EF
:1073600013447B617A68B969786900F071F8386113
:107370007968386900F01CF8B861BB685A1EBA60B9
:10738000002B04DDBB69002B01D0012300E00023AA
:10739000002BE0D104E07968B86900F032F8B861F8
:1073A000BB69002BF7D100BF00BF2037BD4680BDB1
:1073B00080B584B000AF786039600023FB607B68E3
:1073C000002B19D07B681B78002B04D0002B09DB25
:1073D000073B012B06D87B685B681946386807F0C5
:1073E00063FC09E07B681B69FB60FB68002B02D132
:1073F000386800F0F3FC00BFFB6818461037BD4644
:1074000080BD80B582B000AF786039607B68002BAA
:1074100019D07B681B78082B08D17B685B681946FC
:10742000386807F041FC00237B600CE07B681B7828
:10743000002B05D1386800F0D1FC00237B6002E00E
:107440007B6818337B607B6818460837BD4680BD73
:1074500080B5A6B000AFF860B9607A600023C7F8C5
:107460009430FB68002B00F03A810023BB670023B7
:107470007B674FF000033B670023C7F89030002381
:1074800087F88F30F86809F0DAFCC7F88800B1E0B7
:10749000BB681B78062B7DD0062B00F39980052B4B
:1074A00063D0052B00F39480042B40D0042B00F311
:1074B0008F80022B02D0032B1CD089E0BB685B6954
:1074C000002B00F08880BB685B69D7F888201946DC
:1074D000F86809F011FC0346002B7CD1022387F8E1
:1074E0008F30BB68C7F89430D7F890300133C7F8B5
:1074F000903070E007F174017B68BA68F86800F0BA
:10750000F7F80346FB6707F17C03184607F081FE96
:107510000346002B61D0032387F88F30BB68C7F880
:107520009430D7F890300133C7F8903055E007F128
:1075300070017B68BA68F86800F064F90346C7F820
:10754000803007F18003184607F063FE0346002BE6
:1075500045D0042387F88F30BB68C7F89430D7F83C
:1075600090300133C7F8903039E007F174031946C1
:10757000F86802F05DFD0346002B32D0032387F844
:107580008F30BB68C7F89430D7F890300133C7F814
:10759000903026E007F178017B68BA68F86800F05F
:1075A0008FF90346C7F8843007F18403184607F0C3
:1075B00030FE0346002B16D0062387F88F30BB68B9
:1075C000C7F89430D7F890300133C7F890300AE00C
:1075D0000023BB6008E000BF06E000BF04E000BF7E
:1075E00002E000BF00E000BFBB68002B02D0BB6818
:1075F0001833BB60BB68002B7FF44AAFD7F89030DC
:10760000012B49D197F88F30062B27D0062B34DC7D
:10761000032B02D0042B0FD02FE07A6F07F1580311
:10762000D7F89410184600F0C7FC07F15803194624
:10763000786800F033FB52E0D7ED1C7A07F1400385
:10764000B0EE670AD7F89410184600F0D9FC07F19D
:1076500040031946786800F021FB40E0BA6F07F15B
:107660002803D7F89410184600F0F0FC07F128031F
:107670001946786800F012FB31E007F11003002290
:10768000D7F89410184600F097FC07F1100319463C
:10769000786800F003FB22E0D7F89030002B17D178
:1076A000D7F88830012B0BD1FB681B783F2B07D113
:1076B0000E49786800F0F2FA0C4BC7F894300EE0EF
:1076C000F968786800F0A6FB0023C7F8943006E05C
:1076D000F968786800F0B6FB0023C7F89430D7F853
:1076E000943018469837BD4680BD00BF2C0040201E
:1076F00080B588B000AFF860B9607A603B60F86828
:1077000009F09DFB0346022B36D9FB681B78302B12
:1077100032D1FB6801331B78782B2DD10022002158
:10772000F86808F0F1FF03461A46BB681A60BB68A8
:107730001B68FB617B689B681A46FB69934207D311
:107740007B68DB681A46FB69934201D8012300E09D
:107750000023FB76FB7E83F00103DBB2002B02D01B
:10776000386800F049FBFA7E07F11003114618460D
:1077700007F015FD3B6941E0FB681B78002B39D011
:10778000FB681B782F2B03D9FB681B78392B07D993
:10779000FB681B782D2B03D0FB681B782B2B29D87B
:1077A00000220021F86808F037FF0246BB681A6023
:1077B000BB681A687B689B689A4207DBBB681A68DB
:1077C0007B68DB689A4201DC012300E00023BB7682
:1077D000BB7E83F00103DBB2002B02D0386800F0DF
:1077E0000BFBBA7E07F114031146184607F0D7FCCD
:1077F0007B6903E007F0F4FC034600BF184620371E
:10780000BD4680BD80B586B000AFF860B9607A60D3
:107810003B60FB681B78002B4AD0FB681B782F2B42
:1078200003D9FB681B78392B07D9FB681B782D2BF4
:1078300003D0FB681B782B2B3AD80021F86808F09E
:1078400023FEF0EE407ABB68C3ED007ABB6893ED8F
:10785000007A7B689B6807EE903AF8EEE77AB4EE20
:10786000E77AF1EE10FA0FDBBB6893ED007A7B68E4
:10787000DB6807EE903AF8EEE77AB4EEE77AF1EEDD
:1078800010FA01D8012300E00023FB75FB7D83F093
:107890000103DBB2002B02D0386800F0ADFAFA7DAC
:1078A00007F110031146184607F079FC3B6903E025
:1078B00007F096FC034600BF18461837BD4680BD4A
:1078C00080B588B000AFF860B9607A603B60002393
:1078D000FB77BB6800221A60F86809F0B0FAB8615B
:1078E000BB69202B0BD87B68DB681A46BB699342C7
:1078F00005D8BB68FA681A600123FB7706E07B684D
:10790000DB68BA69F968386800F0B6FAFA7F07F1FF
:1079100014031146184607F042FC7B6918462037CD
:10792000BD4680BDB0B582B000AF786039607B687D
:107930001B680E2B17D87B681A68511C7B6819606E
:10794000796813465B001344DB000B443A681C1D46
:1079500015460FCD0FC495E8030084E8030007F037
:1079600032FC034603E007F03BFC034600BF184629
:107970000837BD46B0BDB0B582B000AF78603960A1
:107980007B681B68002B29D07B681B680F2B25D8D0
:107990007B681A683868796813465B001344DB001B
:1079A0000B4405461C1D0FCC0FC594E8030085E869
:1079B00003007B681A6813465B001344DB007A6897
:1079C00013440433184600F06DFB7B681B685A1E95
:1079D0007B681A6007F0F7FB034603E007F000FC42
:1079E000034600BF18460837BD46B0BDB0B584B0E9
:1079F00000AFF860B9607A60FB681B68BA689A42A9
:107A000013D27868F968BA6813465B001344DB0048
:107A10000B4405461C1D0FCC0FC594E8030085E8F8
:107A2000030007F0D0FB034603E007F0D9FB034651
:107A300000BF18461037BD46B0BD80B485B000AF5A
:107A4000F860B9607A60FB68BA681A60FB687A68A7
:107A50005A60FB6800221A72FB6818461437BD464C
:107A600080BC704780B588B000AFF860B9607A60BC
:107A70000023FB61FB681B68BB61BB68002B32D035
:107A8000BB681B78232B04D1B86800F0F2F8B8600B
:107A900029E0B86800F0D3F8B8601DE0FB681B7AF5
:107AA000002B08D007F114031A46B968B86900F032
:107AB00054F8B86007E007F114031A46B968B869CA
:107AC00000F019F8B8607B69002B0BDDFB6901330E
:107AD000FB61BB692033BB61FB685B68FA699A4252
:107AE000DCD300E000BFFA697B681A60BB68184607
:107AF0002037BD4680BD80B586B000AFF860B96064
:107B00007A60FB687B617B6800221A60B86800F0CD
:107B100062F8B8600DE07B681B685A1C7B681A60CD
:107B2000BB685A1CBA6019787B695A1C7A610A468C
:107B30001A70BB681B78202B07D9BB681B783B2BBE
:107B400003D07B681B681F2BE5DD7B6900221A7060
:107B5000BB6818461837BD4680BD80B586B000AFFB
:107B6000F860B9607A60FB687B617B6800221A600C
:107B7000B86800F046F8B8600DE07B681B685A1CD6
:107B80007B681A60BB685A1CBA6019787B695A1CFA
:107B90007A610A461A70BB681B78202B13D9BB6820
:107BA0001B783B2B0FD0BB681B783D2B0BD0BB68E1
:107BB0001B785F2B07D0BB681B782C2B03D07B680E
:107BC0001B681F2BD9DD7B6900221A70BB68184621
:107BD0001837BD4680BD80B483B000AF786002E046
:107BE0007B6801337B607B681B78202BF8D07B6837
:107BF0001B782C2BF4D07B6818460C37BD4680BC14
:107C0000704780B483B000AF786002E07B680133D6
:107C10007B607B681B78202BF8D07B681B782C2B33
:107C2000F4D07B681B783D2BF0D07B681B785F2BF2
:107C3000ECD07B6818460C37BD4680BC704780B4DA
:107C400083B000AF786002E07B6801337B607B68C3
:107C50001B78002B03D07B681B781F2BF4D97B6823
:107C60001B783B2BF0D07B6818460C37BD4680BC98
:107C7000704780B483B000AF78607B6801337B606D
:107C800002E07B6801337B607B681B781F2BF8D890
:107C90007B6818460C37BD4680BC704780B582B003
:107CA00000AF786039607B681B6C0E2B29D83B686D
:107CB0005A887B681B6CD1B27A6813440A4683F8F1
:107CC00054207B681A6C3B6859687B6843F8221023
:107CD0007B681B6C3A6811787A6813440A4683F80B
:107CE00044203B681B78062B06D17B686433212235
:107CF0001946386800F04CFA7B681B6C5A1C7B688C
:107D00001A6400BF0837BD4680BD000090B585B03D
:107D100000AF786039600023FB6048E0FB68002B0F
:107D200002D0294808F0D6FD7A68FB681344443332
:107D30001B78022B0DD13B687968FA680A445432EB
:107D400012781046984703461946204808F0C2FDAD
:107D50002AE07A68FB68134444331B78062B12D15F
:107D60003B687968FA680A4454321278104698479A
:107D70000446786806F0E7FF03461A462146144891
:107D800008F0A8FD10E03B687968FA680A445432AC
:107D900012781046984701467B68FA6853F82230FB
:107DA0001A460C4808F096FDFB680133FB607B68BF
:107DB0001B6CFA689A42B1D3074808F0FBFD00BF7C
:107DC0001437BD4690BD00BF185B41001C5B4100ED
:107DD000205B4100285B4100305B410080B582B0F0
:107DE00000AF78600348FEF7B5FB00BF0837BD461B
:107DF00080BD00BF445B410080B582B000AF7860B9
:107E00000348FEF7A7FB00BF0837BD4680BD00BF93
:107E1000585B410080B582B000AF786039603B6844
:107E2000002B04D039680548FEF7A3FB02E00448A4
:107E3000FEF790FB00BF0837BD4680BD6C5B41007C
:107E40007C5B410080B582B000AF786039603B68F0
:107E5000002B04D039680648FEF78BFB03E0396835
:107E60000448FEF786FB00BF0837BD4680BD00BF53
:107E7000905B4100A45B410080B584B000AFF86026
:107E8000B9607A603B603A6879680348FEF782FB24
:107E900000BF1037BD4680BDB85B410080B582B0E1
:107EA00000AF7860034808F085FD00BF0837BD4685
:107EB00080BD00BFDC5B410080B582B000AF786060
:107EC000044808F077FD786806F0CCFE00BF08375C
:107ED000BD4680BDE85B410080B582B000AF7860F0
:107EE00039603968044808F0F5FC786806F0BAFE95
:107EF00000BF0837BD4680BDEC5B410080B584B053
:107F000000AFF860B9607A60BB687A6819460548C6
:107F100008F0E0FCF86806F0A5FE00BF1037BD468B
:107F200080BD00BFF45B410080B582B000AF7860D7
:107F300039603B681946054808F0CCFC786806F0C3
:107F400091FE00BF0837BD4680BD00BF005C410008
:107F500080B582B000AF786039603968044808F0B5
:107F6000B9FC786806F07EFE00BF0837BD4680BDCC
:107F70000C5C410080B483B000AF78607B68002265
:107F80001A707B6800225A807B6800225A607B68E6
:107F900000229A607B680022DA607B6800221A6106
:107FA0007B68044A5A617B6818460C37BD4680BC22
:107FB000704700BF185C410080B485B000AFF86026
:107FC000B9607A60BB681A78FB681A70BB685A8817
:107FD000FB685A80FB687A685A60FB6800229A60E6
:107FE000FB680022DA60FB6800221A61BB685A69EC
:107FF000FB685A61FB6818461437BD4680BC704761
:1080000080B485B000AFF860B96087ED010ABB6845
:108010001A78FB681A70BB685A88FB685A80FB683C
:108020007A685A60FB6800229A60FB680022DA6076
:10803000FB6800221A61BB685A69FB685A61FB68D9
:1080400018461437BD4680BC7047000080B584B028
:1080500000AFF860B9607A60BB681A78FB681A7084
:10806000BB685A88FB685A80FB6800225A60FB682C
:1080700000229A60FB680022DA60FB6800221A6125
:10808000FB68074A5A61BB681B78062B03D17968E5
:10809000F86800F021F8FB6818461037BD4680BD2F
:1080A000185C410080B483B000AF78607B68002228
:1080B0001A707B68074A5A617B6800225A807B6885
:1080C00000225A607B6800221A6100BF0C37BD464F
:1080D00080BC7047185C410080B582B000AF78600A
:1080E00039603B68002B08D0386808F0A8FE0346CA
:1080F0001A463968786800F004F800BF0837BD46B2
:1081000080BD80B487B000AFF860B9607A607B68EA
:108110000C2B38D82DE0BB685A1CBA601B78FB7555
:10812000FB68DB681A02FB68DA60FB68DB681A46EA
:10813000FB689B681B0E13431A46FB68DA60FB68FA
:108140009B681A02FB689A60FB689B681A46FB688A
:108150005B681B0E13431A46FB689A60FB685B68FA
:108160001A02FB685A60FB685A68FB7D1A43FB6879
:108170005A607B685A1E7A60002B14BF01230023CB
:10818000DBB2002BC7D100BF1C37BD4680BC704797
:1081900080B586B000AFF860B9607A600023FB75E7
:1081A0007B680C2B40F29E80FB68DB681B0EBB7566
:1081B000BB7D002B05D0B97DBB685A1CBA600A464E
:1081C0001A70FB68DB681B14BB75BB7D002B05D0E8
:1081D000B97DBB685A1CBA600A461A70FB68DB6836
:1081E0001B12BB75BB7D002B05D0B97DBB685A1C2B
:1081F000BA600A461A70FB68DB68BB75BB7D002B52
:1082000005D0B97DBB685A1CBA600A461A70FB6873
:108210009B681B0EBB75BB7D002B05D0B97DBB6871
:108220005A1CBA600A461A70FB689B681B14BB751F
:10823000BB7D002B05D0B97DBB685A1CBA600A46CD
:108240001A70FB689B681B12BB75BB7D002B05D0A9
:10825000B97DBB685A1CBA600A461A70FB689B68F5
:10826000BB75BB7D002B05D0B97DBB685A1CBA60BD
:108270000A461A70FB685B681B0EBB75BB7D002B42
:1082800005D0B97DBB685A1CBA600A461A70FB68F3
:108290005B681B0CBB75BB7D002B05D0B97DBB6833
:1082A0005A1CBA600A461A70FB685B681B0ABB75E9
:1082B000BB7D002B05D0B97DBB685A1CBA600A464D
:1082C0001A70FB685B68BB75BB7D002B05D0B97D60
:1082D000BB685A1CBA600A461A70BB6800221A7042
:1082E0000123FB75FA7D07F110031146184606F0CD
:1082F00056FF3B6918461837BD4680BD80B582B031
:1083000000AF78607B6818464FF420631A4600215E
:1083100008F0EAFC7B6818460837BD4680BD0000BF
:1083200080B584B000AFF860B9607A60134AFB682A
:108330001A60FB687A685A60FB68BA689A60FB68E2
:108340000C334FF420620021184608F0CDFCFB6886
:108350000C331846FFF7D2FFFB680022C3F80C2A43
:10836000FB680022C3F8102AFB680C33184600F0A3
:108370003BFAFB6818461037BD4680BD04704100CB
:10838000B0B58AB002AF78600123FB777B680C330D
:10839000184600F029FA0023BB6135E07B689B6832
:1083A0001B680C331B687A689268B9691046984755
:1083B0007861786906F0AAFD38613B69002B20D00E
:1083C0007B6803F10C04786906F095FD0546786931
:1083D00006F0A7FD0346009301233A69294620468B
:1083E00000F020FA0346BB6007F10803184606F0C8
:1083F00010FF034683F00103DBB2002B01D0002302
:10840000FB77BB690133BB617B689B681B680833E2
:108410001B687A689268104698470246BB69934287
:1084200034BF01230023DBB2002BB7D1FB7F83F0E5
:108430000103DBB2002B02D00F4808F04BFA7B6837
:108440005B681B6810331B687A685268104698474F
:108450000346FB6007F10C03184606F0DAFE0346FC
:1084600083F00103DBB2002B02D0044808F032FA9B
:1084700000BF2037BD46B0BD1C5C41004C5C4100D4
:1084800080B584B000AF78607B685B681B6814338C
:108490001B687A685268104698470346FB60786804
:1084A000FFF76EFFFB6818461037BD4680BD80B5EC
:1084B00086B000AFF860B9607A60FB6803F10C0029
:1084C0007B680522B96800F0EBF903467B6107F190
:1084D0001403184606F09DFE034683F00103DBB249
:1084E000002B06D0FB68D3F8103A5A1CFB68C3F87F
:1084F000102A7B6918461837BD4680BD80B586B006
:1085000000AFF860B9607A60FB680C337A68B968CC
:10851000184600F020FA03467B6107F11403184661
:1085200006F077FE034683F00103DBB2002B06D092
:10853000FB68D3F80C3A5A1CFB68C3F80C2A7B6919
:1085400018461837BD4680BDB0B588B000AF78601A
:108550007B685B681B6818331B687A685268104632
:10856000984703463B6107F11003184606F051FE99
:108570000346002B3DD00023FB612FE07B680C33CA
:10858000F969184600F0D1F9B861B86906F07CFCC9
:108590000346002B1FD07B685B681B681C331C687C
:1085A0007B685D68B86906F0A6FC014607F10C031C
:1085B0001A462846A04703467B6107F11403184674
:1085C00006F027FE0346002B05D0FB68042219465F
:1085D000B86906F01DFCFB690133FB6106F018FD6C
:1085E0000246FB69934234BF01230023DBB2002B18
:1085F000C4D13B6918462037BD46B0BDF0B58FB039
:1086000000AF78607B680C33184600F0E4F97862BC
:108610007B685B681B6820331B687A685268796ADC
:10862000104698470346FB6007F10C03184606F016
:10863000F0FD034687F8373097F83730002B4DD0E0
:1086400000233B6337E07B680C33396B184600F03E
:108650006CF93862386A06F03AFC0346002B27D0E2
:108660007B685B681B6824331C687B685D68386ABC
:1086700006F041FC0646386A06F053FC03461A46EB
:1086800031462846A04703463B6107F110031846D0
:1086900006F0BFFD034687F8373097F83730002BD8
:1086A00001D0022300E006231946386A06F0A2FB37
:1086B0003B6B01333B6397F8374006F0A9FC024659
:1086C0003B6B934234BF01230023DBB22340002BDA
:1086D00014BF01230023DBB2002BB4D197F837304D
:1086E000002B42D07B685B681B6828331B687A6864
:1086F00052681046984703467B6107F114031846F9
:1087000006F087FD034687F8373097F83730002B9F
:1087100003D0032387F82F3002E0072387F82F3098
:108720000023BB6216E07B680C33B96A184600F080
:10873000FCF8F8610221F86906F0B6FB0346002B4D
:1087400005D097F82F301946F86906F053FBBB6A3D
:108750000133BB6206F05CFC0246BB6A934234BF45
:1087600001230023DBB2002BDDD197F8372007F17E
:1087700018031146184606F012FDBB6918463C372F
:10878000BD46F0BD80B582B000AF78603960396811
:10879000054808F09FF87B680C33184600F042F952
:1087A00000BF0837BD4680BD7C5C410080B582B00B
:1087B00000AF78607B68D3F80C1A7B68D3F8103A66
:1087C0001A46084808F086F87B685B681B680C331B
:1087D0001B687A6852681046984700BF0837BD4644
:1087E00080BD00BF845C410080B586B000AF78607A
:1087F0007B683B613B697B613B6903F52063FB6000
:1088000007E07B69BB60B86806F014FB7B69143332
:108810007B617A69FB689A42F3D100BF00BF1837C9
:10882000BD4680BD80B58AB002AFF860B9607A609D
:10883000FB70B86806F0CCFB0346002B28D0FB6821
:10884000BB61BB69FB61BB6903F520637B611BE016
:10885000FB693B61386906F017FB034683F00103AF
:10886000DBB2002B0DD0FA787B680193BB6A0093D2
:108870000423B968386906F0A1FA06F0A4FC03469F
:108880000AE0FB691433FB61FA697B699A42DFD124
:1088900006F0A6FC034600BF18462037BD4680BD43
:1088A00080B588B000AFF860B9603B601346FB71DB
:1088B000B86806F08DFB0346002B2ED0FB68BB6129
:1088C000BB69FB61BB6903F520637B6121E0FB6948
:1088D0003B61B968386906F0C5FA0346002B15D02C
:1088E000386906F01EFB02463B68934214BF012321
:1088F0000023DBB2002B05D0FB791A4639683869B2
:1089000006F086FA06F05FFC03460AE0FB691433C2
:10891000FB61FA697B699A42D9D106F061FC034692
:1089200000BF18462037BD4680BD80B483B000AF7D
:10893000786039603B687F2B07D83A6813469B0004
:1089400013449B007A68134400E07B6818460C3798
:10895000BD4680BC704780B58AB000AFF860B96092
:108960007A60002387F82730B86806F031FB0346A9
:10897000002B23D0FB68FB61FB693B62FB6903F5BD
:108980002063BB6116E03B6A7B61B968786906F0D9
:1089900069FA034687F8273097F82730002B06D06E
:1089A000786906F0BEFA02467B681A6006E03B6A08
:1089B00014333B623A6ABB699A42E4D197F82720A4
:1089C00007F110031146184606F0E9FB3B6918460B
:1089D0002837BD4680BD80B588B000AF78600023E1
:1089E000FB617B687B617B69BB617B6903F520630D
:1089F0003B610DE0BB69FB60F86806F068FA03466E
:108A0000002B02D0FB690133FB61BB691433BB61EE
:108A1000BA693B699A42EDD1FB6918462037BD46D9
:108A200080BD00002DE9F04188B002AF78607B681E
:108A30003B613B697B613B6903F52063FB6026E09A
:108A40007B69BB60B86806F01FFA0346002B1BD099
:108A5000B86806F050FA0546B86806F06DFA0646A2
:108A6000B86806F05EFA8046B86806F05AFA04461E
:108A7000B86806F04BFA0346019300944346324629
:108A80002946084807F026FF7B6914337B617A6921
:108A9000FB689A42D4D100BF00BF1837BD46BDE87D
:108AA000F08100BFA85C410080B483B000AF786063
:108AB000044A7B681A607B6818460C37BD4680BC48
:108AC000704700BFAC71410080B582B000AF7860E4
:108AD0007868FFF7E9FF0C21786806F095FC7B6861
:108AE00018460837BD4680BD80B483B000AF7860BB
:108AF000044A7B681A607B6818460C37BD4680BC08
:108B0000704700BFB470410080B582B000AF78609C
:108B10007868FFF7E9FF0421786806F075FC7B6848
:108B200018460837BD4680BD80B483B000AF78607A
:108B3000044A7B681A607B6818460C37BD4680BCC7
:108B4000704700BFDC71410080B582B000AF786033
:108B50007868FFF7E9FF0421786806F055FC7B6828
:108B600018460837BD4680BD80B483B000AF78603A
:108B7000044A7B681A607B6818460C37BD4680BC87
:108B8000704700BF9471410080B582B000AF78603B
:108B90007868FFF7E9FF0421786806F035FC7B6808
:108BA00018460837BD4680BD80B483B000AF7860FA
:108BB000044A7B681A607B6818460C37BD4680BC47
:108BC000704700BF4C71410080B582B000AF786043
:108BD0007868FFF7E9FF0421786806F015FC7B68E8
:108BE00018460837BD4680BD80B483B000AF7860BA
:108BF000044A7B681A607B6818460C37BD4680BC07
:108C0000704700BF6071410080B582B000AF7860EE
:108C10007868FFF7E9FF0421786806F0F5FB7B68C8
:108C200018460837BD4680BD80B483B000AF786079
:108C3000044A7B681A607B6818460C37BD4680BCC6
:108C4000704700BFF070410080B582B000AF78601F
:108C50007868FFF7E9FF0421786806F0D5FB7B68A8
:108C600018460837BD4680BD80B483B000AF786039
:108C7000044A7B681A607B6818460C37BD4680BC86
:108C8000704700BF9C70410080B582B000AF786033
:108C90007868FFF7E9FF0421786806F0B5FB7B6888
:108CA00018460837BD4680BD80B584B000AFF86077
:108CB000B9607A60FB687A68B968184606F01EFAEF
:108CC000034AFB681A60FB6818461037BD4680BD32
:108CD000A45D410080B582B000AF7860104A7B6827
:108CE0001A607B6803F5B263184600F02DF87B68C4
:108CF00003F21C43184600F055F87B680C33184605
:108D000000F06CFA7B680433184600F005FB7B68C2
:108D10001846FFF7E9FE7B6818460837BD4680BD58
:108D2000446B410080B582B000AF78607868FFF78F
:108D3000D1FF41F2D861786806F066FB7B6818467F
:108D40000837BD4680BD000080B582B000AF7860B6
:108D50000A4A7B681A607B68E8331846FCF712FC05
:108D60007B680C331846FCF775FC7B681846FFF7E8
:108D7000DBFE7B6818460837BD4680BDBC6E4100EF
:108D800080B582B000AF78607868FFF7DDFF41F210
:108D90004411786806F038FB7B6818460837BD46F2
:108DA00080BD000080B582B000AF7860084A7B6863
:108DB0001A607B6818331846FBF72EFF7B6818464D
:108DC000FFF7D2FE7B6818460837BD4680BD00BF5E
:108DD000A46E410080B582B000AF78607868FFF77C
:108DE000E1FF4FF4BA71786806F00EFB7B68184615
:108DF0000837BD4680BD000080B582B000AF786006
:108E0000054A7B681A607B681846FFF7CDFE7B68D1
:108E100018460837BD4680BD0472410080B582B057
:108E200000AF78607868FFF7E7FF1821786806F0F0
:108E3000EBFA7B6818460837BD4680BD90B589B00F
:108E400006AF78607B68184600F0B8F9C74A7B68BF
:108E50001A607B681C1D0021204605F0E1FC1C34D3
:108E60000121204605F0DCFC1C340221204605F0DF
:108E7000D7FC1C340321204605F0D2FC1C3404210D
:108E8000204605F0CDFC1C340521204605F0C8FC29
:108E90001C340621204605F0C3FC1C340123059335
:108EA0000023049304230393002302930C230193D0
:108EB000022300930023AE4A07212046FBF772FBF2
:108EC0001C340123059300230493042303930023FC
:108ED00002930D230193022300930023A54A082146
:108EE0002046FBF75FFB1C3401230593002304930A
:108EF00004230393002302930E2301930223009380
:108F000000239D4A09212046FBF74CFB1C3401231A
:108F100005930023049304230393002302930F2358
:108F20000193022300930023944A0A212046FBF771
:108F300039FB1C340123059300230493042303937A
:108F400000230293102301930223009300238C4AF1
:108F50000B212046FBF726FB1C340123059300233D
:108F60000493042303930023029313230193022306
:108F700000930023834A0C212046FBF713FB1C348B
:108F800001230593002304930423039300230293F6
:108F9000142301930223009300237B4A0D212046D2
:108FA000FBF700FB1C3401230593002304930423E7
:108FB00003930023029316230193022300930023BB
:108FC000724A0E212046FBF7EDFA1C340F21204691
:108FD00005F026FC1C341021204605F021FC1C3431
:108FE0001121204605F01CFC1C341221204605F0FE
:108FF00017FC1C341321204605F012FC1C341421EC
:10900000204605F00DFC1C341521204605F008FC17
:109010001C341621204605F003FC1C341721204681
:1090200005F0FEFB1C341821204605F0F9FB1C342A
:109030001921204605F0F4FB1C341A21204605F0C6
:10904000EFFB1C34002305930023049302230393B6
:1090500002230293142301930323009300234C4A19
:109060001B212046FBF79EFA1C34002305930023A6
:1090700004930123039302230293152301930323F3
:1090800000930023434A1C212046FBF78BFA1C3433
:1090900000230593002304930423039302230293E4
:1090A000162301930323009300233B4A1D212046EE
:1090B000FBF778FA1C341E21204605F0B1FB1C3466
:1090C00000230593002304930023039301230293B9
:1090D00015230193002300930023304A1F212046CB
:1090E000FBF760FA1C340023059300230493042348
:1090F0000393042302930423019301230093002389
:10910000274A20212046FBF74DFA1C340023059303
:109110000023049304230393002302931723019352
:109120000023009300231F4A21212046FBF73AFA2F
:109130001C3400230593002304930423039300238A
:10914000029309230193022300930023164A22214C
:109150002046FBF727FA1C342321204605F060FB4C
:1091600004F11C032421184620E000BF686B410075
:10917000C85C4100D45C4100E05C4100EC5C410013
:10918000F85C4100045D41000C5D4100145D41004C
:109190001C5D4100285D4100345D4100405D41009F
:1091A0004C5D4100585D4100605D410005F038FBB9
:1091B0007B6818460C37BD4690BD00BF80B483B0B5
:1091C00000AF7860044A7B681A607B6818460C37E9
:1091D000BD4680BC704700BF2471410090B583B08C
:1091E00000AF78600E4A7B681A607B680433002BFE
:1091F0000CD07B68043303F20C447B6804339C423C
:1092000004D01C3C204600F01FF8F6E77B681846A7
:1092100000F03CF87B6818460C37BD4690BD00BF97
:10922000686B410080B582B000AF78607868FFF766
:10923000D5FF4FF48261786806F0E6F87B6818463F
:109240000837BD4680BD000080B582B000AF7860B1
:10925000054A7B681A607B681846FFF7E5FC7B6867
:1092600018460837BD4680BD706E410080B582B09B
:1092700000AF78607868FFF7E7FF1C21786806F098
:10928000C3F87B6818460837BD4680BD80B483B0FC
:1092900000AF7860044A7B681A607B6818460C3718
:1092A000BD4680BC704700BF2471410080B582B0CC
:1092B00000AF78607868FFF7E9FF0421786806F06E
:1092C000A3F87B6818460837BD4680BD80B582B0DC
:1092D00000AF78607B68184600F00EF8054A7B689E
:1092E0001A607B6800225A607B6818460837BD46C2
:1092F00080BD00BF546E410080B483B000AF786081
:10930000044A7B681A607B6818460C37BD4680BCEF
:10931000704700BFD870410080B582B000AF786060
:10932000054A7B681A607B68184600F017F87B686E
:1093300018460837BD4680BD546E410080B582B0E6
:1093400000AF78607868FFF7E7FF0821786806F0DB
:109350005BF87B6818460837BD4680BD80B483B093
:1093600000AF7860044A7B681A607B6818460C3747
:10937000BD4680BC704700BFD870410080B582B048
:1093800000AF78607868FFF7E9FF0421786806F09D
:109390003BF87B6818460837BD4680BD80B483B073
:1093A00000AF7860044A7B681A607B6818460C3707
:1093B000BD4680BC704700BFB470410090B583B01B
:1093C00000AF78607B681846FFF7E8FF204A7B68AB
:1093D0001A607B6800225A607B6800229A607B6872
:1093E00004331846FFF772FF7B680C334FF4826238
:1093F0000021184607F078FC7B680C331846FFF70D
:109400001DFD7B6803F21C447B680C330B2118465E
:10941000F8F77CFB03461A4600212046FBF7CCFCFC
:109420007B6803F5B26301211846FCF7D9F97A6825
:1094300041F2D46313447A6802F5B26211461846C9
:1094400005F09FFA7B6818460C37BD4690BD00BFFB
:10945000446B410080B582B000AF7860284A7B68D9
:109460001A607A68274B1344184600F0A9F87A6806
:10947000254B1344184600F0C5F87A68234B134473
:10948000184600F055F97A68214B1344184600F04D
:10949000B3F97A681F4B1344184600F0EFF97A6865
:1094A0001D4B1344184600F013FB7A681B4B134402
:1094B000184600F073FB7A68194B1344184600F005
:1094C0004BFB7B6803F55073184600F00FFC7B687C
:1094D00003F54E73184600F0E7FB7B682833184607
:1094E00000F032F87B681033184600F085FC7B688A
:1094F0001846FFF7B9FB7B6818460837BD4680BDA4
:10950000D469410060600200E8530200C0530200C9
:10951000BC530200B44E0200784E0200584E0200C6
:10952000344E020080B582B000AF78607868FFF7F3
:1095300091FF0449786805F067FF7B681846083793
:10954000BD4680BD8860020080B582B000AF786003
:109550007B680433184600F005F87B681846083726
:10956000BD4680BD90B583B000AF78607B6803F5E1
:109570000773002B0ED07B6803F5077303F17804A3
:109580007B6803F507739C4204D0183C2046FFF724
:1095900033FCF5E77B685033002B0CD07B685033ED
:1095A00003F5E6747B6850339C4204D05C3C204653
:1095B00000F000FCF6E77B6818460C37BD4690BD0E
:1095C00080B582B000AF7860054A7B681A607B681E
:1095D000184600F0CFF87B6818460837BD4680BDB6
:1095E000686F410080B582B000AF78607868FFF79F
:1095F000E7FF2421786805F007FF7B6818460837E5
:10960000BD4680BD80B582B000AF78600B4A7B68F4
:109610001A607B6803F54663184600F023F87B6800
:109620000433184600F040F87B68184600F060F8F4
:109630007B6818460837BD4680BD00BFE46E410018
:1096400080B582B000AF78607868FFF7DBFF40F646
:109650007841786805F0D8FE7B6818460837BD4623
:1096600080BD000080B582B000AF7860054A7B689D
:109670001A607B68184600F07DF87B68184608374A
:10968000BD4680BD0C6F410080B582B000AF7860F0
:109690007868FFF7E7FF1821786805F0B5FE7B686A
:1096A00018460837BD4680BD80B582B000AF7860EF
:1096B000054A7B681A607B68184600F05BF87B6897
:1096C00018460837BD4680BD3C6F410080B582B06A
:1096D00000AF78607868FFF7E7FF40F65C41786894
:1096E00005F092FE7B6818460837BD4680BD000035
:1096F00080B483B000AF7860044A7B681A607B68EE
:1097000018460C37BD4680BC704700BF80714100D1
:1097100080B582B000AF78607868FFF7E9FF042178
:10972000786805F071FE7B6818460837BD4680BD35
:1097300080B582B000AF7860054A7B681A607B68AC
:10974000184600F017F87B6818460837BD4680BDFC
:10975000FC69410080B582B000AF78607868FFF79F
:10976000E7FF2821786805F04FFE7B681846083728
:10977000BD4680BD80B582B000AF7860054A7B6889
:109780001A607B68184600F017F87B68184608379F
:10979000BD4680BD386E410080B582B000AF7860B4
:1097A0007868FFF7E7FF1821786805F02DFE7B68E1
:1097B00018460837BD4680BD80B483B000AF7860DE
:1097C000044A7B681A607B6818460C37BD4680BC2B
:1097D000704700BFC471410080B582B000AF7860AF
:1097E0007868FFF7E9FF0421786805F00DFE7B68D3
:1097F00018460837BD4680BD80B582B000AF78609E
:10980000054A7B681A607B68184600F017F87B6889
:1098100018460837BD4680BDF46B410080B582B064
:1098200000AF78607868FFF7E7FF0421786805F0FB
:10983000EBFD7B6818460837BD4680BD80B483B019
:1098400000AF7860044A7B681A607B6818460C3762
:10985000BD4680BC704700BF846F410080B582B0B8
:1098600000AF78607868FFF7E9FF0421786805F0B9
:10987000CBFD7B6818460837BD4680BD80B582B0F9
:1098800000AF78600B4A7B681A607B6803F2E443A0
:10989000184600F023F87B682C33184600F062F875
:1098A0007B68184600F0E0F97B6818460837BD462B
:1098B00080BD00BF186A410080B582B000AF7860FB
:1098C0007868FFF7DBFF4FF4A161786805F09CFD35
:1098D0007B6818460837BD4680BD000080B582B061
:1098E00000AF7860054A7B681A607B68184600F014
:1098F00017F87B6818460837BD4680BD2C6A4100C2
:1099000080B582B000AF78607868FFF7E7FF142178
:10991000786805F079FD7B6818460837BD4680BD3C
:1099200080B582B000AF7860054A7B681A607B68BA
:10993000184600F099F97B6818460837BD4680BD87
:10994000346C410080B582B000AF78607868FFF772
:10995000E7FF0821786805F057FD7B68184608374F
:10996000BD4680BD80B582B000AF78600A4A7B6892
:109970001A607B687833184600F022F87B68103351
:10998000184600F041F87B68184600F07FF87B68C5
:1099900018460837BD4680BDA86A410080B582B030
:1099A00000AF78607868FFF7DDFF4FF49761786863
:1099B00005F02AFD7B6818460837BD4680BD0000CB
:1099C00080B582B000AF7860054A7B681A607B681A
:1099D000184600F03BF87B6818460837BD4680BD46
:1099E000B46B410080B582B000AF78607868FFF753
:1099F000E7FF40F23C41786805F006FD7B681846B9
:109A00000837BD4680BD000080B582B000AF7860E9
:109A1000054A7B681A607B68184600F017F87B6877
:109A200018460837BD4680BDD46B410080B582B072
:109A300000AF78607868FFF7E7FF6821786805F085
:109A4000E3FC7B6818460837BD4680BD80B483B010
:109A500000AF7860044A7B681A607B6818460C3750
:109A6000BD4680BC704700BF705D410080B582B0CC
:109A700000AF78607868FFF7E9FF0821786805F0A3
:109A8000C3FC7B6818460837BD4680BD80B582B0F0
:109A900000AF7860054A7B681A607B68184600F062
:109AA000E3F87B6818460837BD4680BD846C4100EA
:109AB00080B582B000AF78607868FFF7E7FF0821D3
:109AC000786805F0A1FC7B6818460837BD4680BD64
:109AD00080B582B000AF7860054A7B681A607B6809
:109AE000184600F017F87B6818460837BD4680BD59
:109AF0007C6A410080B582B000AF78607868FFF77B
:109B0000E7FF3C21786805F07FFC7B681846083742
:109B1000BD4680BD80B582B000AF7860054A7B68E5
:109B20001A607B68184600F09FF87B681846083773
:109B3000BD4680BD086C410080B582B000AF786042
:109B40007868FFF7E7FF0821786805F05DFC7B681F
:109B500018460837BD4680BD80B582B000AF78603A
:109B6000054A7B681A607B68184600F05BF87B68E2
:109B700018460837BD4680BDE46A410080B582B012
:109B800000AF78607868FFF7E7FF2421786805F078
:109B90003BFC7B6818460837BD4680BD80B582B067
:109BA00000AF7860054A7B681A607B68184600F051
:109BB00017F87B6818460837BD4680BD186B410012
:109BC00080B582B000AF78607868FFF7E7FF2021AA
:109BD000786805F019FC7B6818460837BD4680BDDB
:109BE00080B582B000AF7860054A7B681A607B68F8
:109BF000184600F039F87B6818460837BD4680BD26
:109C0000C06C410080B582B000AF78607868FFF723
:109C1000E7FF0821786805F0F7FB7B6818460837EE
:109C2000BD4680BD80B582B000AF7860054A7B68D4
:109C30001A607B68184600F017F87B6818460837EA
:109C4000BD4680BDEC6C410080B582B000AF78604D
:109C50007868FFF7E7FF0821786805F0D5FB7B6897
:109C600018460837BD4680BD80B483B000AF786029
:109C7000044A7B681A607B6818460C37BD4680BC76
:109C8000704700BF905D410080B582B000AF786042
:109C90007868FFF7E9FF0821786805F0B5FB7B6875
:109CA00018460837BD4680BD80B582B000AF7860E9
:109CB000054A7B681A607B68184600F039F87B68B3
:109CC00018460837BD4680BD1C70410080B582B083
:109CD00000AF78607868FFF7E7FF0821786805F043
:109CE00093FB7B6818460837BD4680BD80B483B0BF
:109CF00000AF7860044A7B681A607B6818460C37AE
:109D0000BD4680BC704700BF0470410080B582B082
:109D100000AF78607868FFF7E9FF40F614217868B3
:109D200005F072FB7B6818460837BD4680BD000011
:109D300080B582B000AF7860054A7B681A607B68A6
:109D4000184600F017F87B6818460837BD4680BDF6
:109D50005070410080B582B000AF78607868FFF73E
:109D6000E7FF0821786805F04FFB7B681846083745
:109D7000BD4680BD80B483B000AF7860044A7B6884
:109D80001A607B6818460C37BD4680BC704700BF20
:109D90008470410080B582B000AF78607868FFF7CA
:109DA000E9FF0821786805F02FFB7B681846083723
:109DB000BD4680BD80B582B000AF7860054A7B6843
:109DC0001A607B681846FEF70FFF7B681846083755
:109DD000BD4680BD906D410080B582B000AF786017
:109DE0007868FFF7E7FF5C21786805F00DFB7B687A
:109DF00018460837BD4680BD80B582B000AF786098
:109E0000054A7B681A607B68184600F017F87B6883
:109E100018460837BD4680BDBC69410080B582B098
:109E200000AF78607868FFF7E7FF0421786805F0F5
:109E3000EBFA7B6818460837BD4680BD80B483B016
:109E400000AF7860044A7B681A607B6818460C375C
:109E5000BD4680BC704700BF986F410080B582B09E
:109E600000AF78607868FFF7E9FF0421786805F0B3
:109E7000CBFA7B6818460837BD4680BD80B500AF79
:109E8000044805F053F9034805F06AF90023184621
:109E900080BD00BF387A422080B582B000AF7860C4
:109EA000054A7B681A607B681846FEF7FDFD7B68F3
:109EB00018460837BD4680BDA45D410080B582B01C
:109EC00000AF78607868FFF7E7FF0C21786805F04D
:109ED0009BFA7B6818460837BD4680BD80B500AF49
:109EE000124B184641F2D8631A46002106F0FCFED8
:109EF0000E48FFF763FA0E4A0E490C4805F07FFA48
:109F00000A490D4803F07CFA094A0C490A4805F051
:109F100076FA064A08490A48FEF7C6FE044A094985
:109F2000074805F06CFA00BF80BD00BFD802402092
:109F300000004020D58C4000B019402055944000CE
:109F4000387A4220999E400080B500AFFFF7C6FFE7
:109F500080BD80B487B000AF786039607B687B617A
:109F60003B68FB60FB684FF0A00372B683F3118877
:109F7000BFF36F8FBFF34F8F62B63B6100BF00BE70
:109F8000FDE780B485B000AF786039607B68BB6066
:109F9000BB684FF0A00372B683F31188BFF36F8FD5
:109FA000BFF34F8F62B6FB6000BF00BEFDE780B419
:109FB00083B000AF4FF0A00372B683F31188BFF3F4
:109FC0006F8FBFF34F8F62B67B6000BF00BEFDE7AF
:109FD00080B485B000AFF860B9607A60FB68064A6B
:109FE0001A60BB68054A1A607B6880221A6000BF4D
:109FF0001437BD4680BC7047447A4220AC7A422078
:10A0000080B485B000AFF860B9607A60FB68064A3A
:10A010001A60BB68054A1A607B6880221A6000BF1C
:10A020001437BD4680BC7047AC7C4220147D422072
:10A0300080B586B000AF786039603B6800221A6056
:10A040007B68002B42D0786806F0F9FEF860FB6868
:10A05000002B3BD0FB68102B38D87B687B6100233A
:10A060003B612DE07B695A1C7A611B78FB723B686F
:10A070001B689A003B681A60FB7A302B07D13B685B
:10A080001B6843F003031A463B681A6015E0FB7A2D
:10A09000312B07D13B681B6843F001031A463B682C
:10A0A0001A600AE0FB7A582B07D0FB7A782B04D091
:10A0B0003B6800221A60002309E03B6901333B61E1
:10A0C0003A69FB689A42CDD3012300E00023184689
:10A0D0001837BD4680BD000080B588B000AF7860FD
:10A0E00000237B6100233B617B68002B22D0082387
:10A0F000DB437A689A421BD808227B6813447B6052
:10A100007B6803F00703002B14D07B6803F0070380
:10A11000C3F10803FB60FB68DB437A689A4204D80A
:10A120007A68FB6813447B6004E000237B6001E0F5
:10A1300000237B6001F072FD684B1B68002B01D18E
:10A1400000F040F97B68002BC0F2B2807B68002BE6
:10A1500000F0AE80624B1B687A689A4200F2A880D9
:10A16000604BBB615F4B1B68FB61FB695E4A9342BE
:10A1700005D3FB695D4A934201D8012300E0002327
:10A18000002B1AD1F6215A48FFF7E3FE15E0FB69D0
:10A19000BB61FB691B68FB61FB69534A934205D3B2
:10A1A000FB69524A934201D8012300E00023002BAF
:10A1B00003D1FC214E48FFF7CCFEFB695B687A684F
:10A1C0009A4203D9FB691B68002BE0D1434B1B6803
:10A1D000FA699A426CD0BB691B68082213447B6100
:10A1E0007B69414A934205D37B69404A934201D837
:10A1F000012300E00023002B04D14FF483713C487D
:10A20000FFF7A7FEFB691A68BB691A60FB695B6808
:10A210007A689A4204D94FF487713548FFF799FE5E
:10A22000FB695A687B68D21A08235B009A421DD9E1
:10A23000FA697B681344BB60BB6803F00703002B1B
:10A2400004D040F217112A48FFF783FEFB695A68D1
:10A250007B68D21ABB685A60FB697A685A60BB692E
:10A260001A68BB681A60BB69BA681A601C4B1A6826
:10A27000FB695B68D31A1A4A1360194B1A681D4BA5
:10A280001B689A4203D2164B1B681A4A1360FB697B
:10A290005B683B61FB695B6843F00042FB695A60A5
:10A2A000FB6900221A60144B1B680133124A1360C9
:10A2B00001F0C2FC7B69002B01D1FFF778FE7B69BE
:10A2C00003F00703002B04D040F25D110848FFF7AC
:10A2D00040FE7B6918462037BD4680BD1C7F432069
:10A2E000207F4320147F4320147F4220137F43208C
:10A2F000B45D4100247F4320287F432080B584B093
:10A3000000AF78607B68FB607B68002B4BD0082334
:10A310005B42FA681344FB60FB68BB60BB68244A7D
:10A32000934205D3BB68234A934201D8012300E03E
:10A330000023002B04D14FF4B8711F48FFF709FE2A
:10A34000BB685B68002B04DB40F271111A48FFF711
:10A3500000FEBB681B68002B04D04FF4B97116488F
:10A36000FFF7F7FDBB685B68002B1CDABB681B6856
:10A37000002B18D1BB685B6823F00042BB685A60B1
:10A3800001F04CFCBB685A680C4B1B6813440B4A29
:10A390001360B86800F070F8094B1B680133084A75
:10A3A000136001F049FC00BF1037BD4680BD00BFFF
:10A3B000147F4220137F4320B45D4100207F43205F
:10A3C0002C7F432080B485B000AF4FF48033BB6056
:10A3D000244BFB60FB6803F00703002B0CD0FB68E9
:10A3E0000733FB60FB6823F00703FB60BA68FB6878
:10A3F000D31A1C4A1344BB60FB681B4A13601A4BF8
:10A4000000225A60FA68BB6813447B6008227B68AC
:10A410009B1A7B607B6823F007037B607B68134A91
:10A420001360124B1B6800225A60104B1B680022FD
:10A430001A60FB683B603B687A68D21A3B685A60D6
:10A440000A4B1A683B681A603B685B68084A1360ED
:10A450003B685B68074A136000BF1437BD4680BC89
:10A46000704700BF147F4220147F43201C7F43208D
:10A47000247F4320207F432080B584B000AF7860E4
:10A48000324BFB6002E0FB681B68FB60FB681B68EB
:10A490007A689A42F7D8FB682C4A934211D0FB683D
:10A4A0002B4A934205D3FB682A4A934201D80123E1
:10A4B00000E00023002B04D140F206212648FFF7DC
:10A4C00048FDFB68BB60FB685B68BA6813447A6848
:10A4D0009A4208D1FB685A687B685B681A44FB683B
:10A4E0005A60FB687B607B68BB607B685B68BA68AE
:10A4F0001A44FB681B689A4218D1FB681A68174B0C
:10A500001B689A420DD07B685A68FB681B685B68C1
:10A510001A447B685A60FB681B681A687B681A607B
:10A5200008E00E4B1A687B681A6003E0FB681A6843
:10A530007B681A60FA687B689A4202D0FB687A6886
:10A540001A6000BF1037BD4680BD00BF147F432096
:10A55000147F4220137F4320B45D41001C7F4320C1
:10A5600080B483B000AF78607B6803F108027B6839
:10A570005A607B684FF0FF329A607B6803F10802F3
:10A580007B68DA607B6803F108027B681A617B688C
:10A5900000221A6000BF0C37BD4680BC704780B4F3
:10A5A00083B000AF78607B6800221A6100BF0C376F
:10A5B000BD4680BC704780B485B000AF786039601C
:10A5C0003B681B68BB60BB68B3F1FF3F03D17B688E
:10A5D0001B69FB600CE07B680833FB6002E0FB68F2
:10A5E0005B68FB60FB685B681B68BA689A42F6D2DE
:10A5F000FB685A683B685A603B685B683A689A60D7
:10A600003B68FA689A60FB683A685A603B687A6807
:10A610001A617B681B685A1C7B681A6000BF14377C
:10A62000BD4680BC704780B485B000AF78607B6861
:10A630001B69FB607B685B687A6892689A607B68DC
:10A640009B687A6852685A60FB685B687A689A42CD
:10A6500003D17B689A68FB685A607B6800221A61A4
:10A66000FB681B685A1EFB681A60FB681B6818466B
:10A670001437BD4680BC704780B584B000AF7860A9
:10A6800039600123FB607B68BB60BB68002B04D191
:10A6900040F237113948FFF75CFCBB68002B5DD0F6
:10A6A000BB68DB6B002B59D0BB681A6CBB68DB6BDB
:10A6B0000021A3FB0223002B00D001210B46002B1D
:10A6C0004CD1FBF72FFDBB681A68BB68DB6BB96820
:10A6D000096C01FB03F31A44BB689A60BB68002253
:10A6E0009A63BB681A68BB685A60BB681A68BB6823
:10A6F000DB6B013BB968096C01FB03F31A44BB68CF
:10A70000DA60BB68FF2283F84420BB68FF2283F82D
:10A7100045203B68002B14D1BB681B69002B1AD065
:10A72000BB681033184601F09FFD0346002B12D082
:10A73000134B4FF080521A60BFF34F8FBFF36F8FF0
:10A7400009E0BB6810331846FFF70AFFBB682433E3
:10A750001846FFF705FFFBF711FD01E00023FB6042
:10A76000FB68002B04D14FF4B6710448FFF7F1FBEE
:10A77000FB6818461037BD4680BD00BF185E41001B
:10A7800004ED00E080B588B002AFF860B9607A608F
:10A790003B6000237B613B68002B04D14FF4C27106
:10A7A0001E48FFF7D6FBFB68002B2AD03B68002B26
:10A7B00027D07B68002B02D0BB68002B21D07B68A0
:10A7C000002B02D1BB68002B1BD154233B613B699A
:10A7D000542B04D04FF4CB711048FFF7BAFB3B6900
:10A7E0003B687B617B69012283F8462097F8202033
:10A7F0007B69009313467A68B968F86800F010F82E
:10A8000007E07B69002B04D14FF4D8710348FFF7B0
:10A81000A0FB7B6918461837BD4680BD185E410015
:10A8200080B584B000AFF860B9607A60FB70BB6837
:10A83000002B03D1BB69BA691A6002E0BB697A6870
:10A840001A60BB69FA68DA63BB69BA681A640121E5
:10A85000B869FFF711FFBB69FA7883F85020BB692C
:10A8600000229A6400BF1037BD4680BD80B58AB013
:10A8700000AFF860B9607A603B6000237B62FB68E0
:10A880003B623B6A002B04D14FF470717748FFF7AD
:10A8900060FBBB68002B03D13B6A1B6C002B01D112
:10A8A000012300E00023002B04D140F2C1316F48A6
:10A8B000FFF74FFB3B68022B03D13B6ADB6B012B9D
:10A8C00001D1012300E00023002B04D140F2C2316A
:10A8D0006648FFF73EFB01F0F3FE0346002B02D172
:10A8E0007B68002B01D1012300E00023002B04D161
:10A8F00040F2C5315D48FFF72CFBFBF713FC3B6AC8
:10A900009A6B3B6ADB6B9A4202D33B68022B45D1C0
:10A910003B6A9B6BFB613A68B968386A00F05FFC80
:10A92000B8613B6A9B6C002B14D03B68022B02D1B0
:10A93000FB69002B2ED1386A00F0EAFD0346002B9C
:10A9400028D04B4B4FF080521A60BFF34F8FBFF3AC
:10A950006F8F1FE03B6A5B6A002B10D03B6A243389
:10A96000184601F081FC0346002B13D0404B4FF0FA
:10A9700080521A60BFF34F8FBFF36F8F0AE0BB693D
:10A98000002B07D03A4B4FF080521A60BFF34F8F25
:10A99000BFF36F8FFBF7F2FB012363E07B68002BB3
:10A9A00003D1FBF7EBFB00235CE07B6A002B06D1B5
:10A9B00007F11003184601F029FD01237B62FBF724
:10A9C000DDFB01F02BF9FBF7ADFB3B6A93F844305C
:10A9D0005BB2B3F1FF3F03D13B6A002283F844200E
:10A9E0003B6A93F845305BB2B3F1FF3F03D13B6A5A
:10A9F000002283F84520FBF7C1FB3A1D07F1100345
:10AA00001146184601F018FD0346002B24D1386A80
:10AA100000F0EAFC0346002B18D03B6A10337A683A
:10AA20001146184601F0BEFB386A00F068FC01F0E0
:10AA300003F90346002B7FF460AF0D4B4FF08052BB
:10AA40001A60BFF34F8FBFF36F8F56E7386A00F07D
:10AA500056FC01F0F1F850E7386A00F050FC01F0C4
:10AA6000EBF8002318462837BD4680BD185E41002C
:10AA700004ED00E080B58EB000AFF860B9607A6098
:10AA80003B60FB683B633B6B002B08D0BB68002B33
:10AA900003D13B6B1B6C002B01D1012300E0002391
:10AAA000002B04D140F29A414B48FFF752FA3B6B1E
:10AAB000002B08D03B68022B03D13B6BDB6B012BD7
:10AAC00001D1012300E00023002B04D140F29B417F
:10AAD0004148FFF73EFAFBF7F9FBEFF311824FF025
:10AAE000A00372B683F31188BFF36F8FBFF34F8F4C
:10AAF00062B6FA61BB61FB69FB623B6B9A6B3B6BB5
:10AB0000DB6B9A4202D33B68022B57D13B6B93F825
:10AB1000453087F82B303B6B9B6B7B623A68B9689A
:10AB2000386B00F05CFB97F92B30B3F1FF3F29D174
:10AB30003B6B9B6C002B12D03B68022B02D17B6AD3
:10AB4000002B38D1386B00F0E3FC0346002B32D0E9
:10AB50007B68002B2FD07B6801221A602BE03B6BB7
:10AB60005B6A002B27D03B6B2433184601F07CFB3B
:10AB70000346002B1FD07B68002B1CD07B68012272
:10AB80001A6018E001F06AF9386297F92B303A6AD6
:10AB90009A4210D997F92B307F2B04D140F22751DC
:10ABA0000D48FFF7D6F997F82B300133DBB25AB2D4
:10ABB0003B6B83F8452001237B6301E000237B632B
:10ABC000FB6A7B617B6983F3118800BF7B6B18464E
:10ABD0003837BD4680BD00BF185E410080B58CB0DF
:10ABE00000AF786039607B68BB62BB6A002B05D020
:10ABF000BB6A1B6C002B01D1012300E00023002B5A
:10AC000004D140F24B514548FFF7A3F9BB6A002B32
:10AC100009D0BB6A1B68002B03D1BB6A9B68002B61
:10AC200001D1012300E00023002B04D14FF4AA61DD
:10AC30003A48FFF78EF9FBF749FBEFF311824FF02B
:10AC4000A00372B683F31188BFF36F8FBFF34F8FEA
:10AC500062B67A613B617B697B62BB6A9B6B3B62DC
:10AC6000BB6ADB6B3A6A9A424BD2BB6A93F84530B7
:10AC7000FB773B6A5A1CBB6A9A6397F91F30B3F1A2
:10AC8000FF3F23D1BB6A9B6C002B0CD0B86A00F04D
:10AC90003FFC0346002B31D03B68002B2ED03B6895
:10ACA00001221A602AE0BB6A5B6A002B26D0BB6ACD
:10ACB0002433184601F0D8FA0346002B1ED03B6817
:10ACC000002B1BD03B6801221A6017E001F0C6F888
:10ACD000B86197F91F30BA699A420FD997F91F30B6
:10ACE0007F2B04D140F2D2510C48FFF732F9FB7FA1
:10ACF0000133DBB25AB2BB6A83F845200123FB6201
:10AD000001E00023FB627B6AFB60FB6883F3118830
:10AD100000BFFB6A18463037BD4680BD185E410053
:10AD200080B58AB000AFF860B9607A6000237B62BA
:10AD3000FB683B623B6A002B04D14FF4BE615E4866
:10AD4000FFF707F9BB68002B03D13B6A1B6C002B94
:10AD500001D1012300E00023002B04D140F2F45183
:10AD60005548FFF7F6F801F0ABFC0346002B02D183
:10AD70007B68002B01D1012300E00023002B04D1CC
:10AD800040F2F9514C48FFF7E4F8FBF7CBF93B6A86
:10AD90009B6BFB61FB69002B1FD0B968386A00F020
:10ADA00088FAFB695A1E3B6A9A633B6A1B69002B4F
:10ADB0000FD03B6A1033184601F056FA0346002BB9
:10ADC00007D03E4B4FF080521A60BFF34F8FBFF356
:10ADD0006F8FFBF7D3F9012369E07B68002B03D168
:10ADE000FBF7CCF9002362E07B6A002B06D107F168
:10ADF0001403184601F00AFB01237B62FBF7BEF93E
:10AE000000F00CFFFBF78EF93B6A93F844305BB21D
:10AE1000B3F1FF3F03D13B6A002283F844203B6A31
:10AE200093F845305BB2B3F1FF3F03D13B6A002298
:10AE300083F84520FBF7A2F93A1D07F114031146E8
:10AE4000184601F0F9FA0346002B23D1386A00F0C6
:10AE5000B5FA0346002B17D03B6A24337A681146B3
:10AE6000184601F09FF9386A00F049FA00F0E4FE54
:10AE70000346002B89D1114B4FF080521A60BFF36B
:10AE80004F8FBFF36F8F80E7386A00F038FA00F019
:10AE9000D3FE7AE7386A00F032FA00F0CDFE386A65
:10AEA00000F08CFA0346002B3FF46FAF00231846E6
:10AEB0002837BD4680BD00BF185E410004ED00E0AC
:10AEC00080B58AB000AF7860396000237B627B6810
:10AED000FB6100233B62FB69002B04D140F28961D6
:10AEE0006C48FFF736F8FB691B6C002B04D040F26E
:10AEF0008D616848FFF72DF801F0E2FB0346002B57
:10AF000002D13B68002B01D1012300E00023002B7C
:10AF100004D140F292615F48FFF71BF8FBF702F99A
:10AF2000FB699B6BBB61BB69002B24D0BB695A1EBC
:10AF3000FB699A63FB691B68002B04D101F0C8FD13
:10AF40000246FB699A60FB691B69002B0FD0FB6905
:10AF50001033184601F088F90346002B07D04E4BFA
:10AF60004FF080521A60BFF34F8FBFF36F8FFBF724
:10AF700005F9012389E03B68002B03D1FBF7FEF8BC
:10AF8000002382E07B6A002B06D107F10C031846F0
:10AF900001F03CFA01237B62FBF7F0F800F03EFE83
:10AFA000FBF7C0F8FB6993F844305BB2B3F1FF3FA5
:10AFB00003D1FB69002283F84420FB6993F84530F4
:10AFC0005BB2B3F1FF3F03D1FB69002283F8452058
:10AFD000FBF7D4F83A4607F10C031146184601F086
:10AFE0002BFA0346002B32D1F86900F0E7F903464B
:10AFF000002B26D0FB691B68002B09D1FBF792F8C8
:10B00000FB699B68184601F079FB3862FBF7B6F8DC
:10B01000FB6924333A681146184601F0C3F8F86911
:10B0200000F06DF900F008FE0346002B7FF476AFC8
:10B03000194B4FF080521A60BFF34F8FBFF36F8FE1
:10B040006CE7F86900F05BF900F0F6FD66E7F86977
:10B0500000F055F900F0F0FDF86900F0AFF9034693
:10B06000002B3FF45BAF3B6A002B0DD0FBF75AF887
:10B07000F86900F09DF87861FB699B68796918466A
:10B0800001F078FCFBF77AF8002318462837BD4614
:10B0900080BD00BF185E410004ED00E080B58EB0B9
:10B0A00000AFF860B9607A60FB683B633B6B002BD4
:10B0B00004D140F601013D48FEF74BFFBB68002B71
:10B0C00003D13B6B1B6C002B01D1012300E000235B
:10B0D000002B04D140F602013448FEF73AFFFBF79B
:10B0E000F5F8EFF311824FF0A00372B683F31188E5
:10B0F000BFF36F8FBFF34F8F62B6FA61BB61FB691D
:10B10000FB623B6B9B6BBB62BB6A002B40D03B6B13
:10B1100093F8443087F82730B968386B00F0C9F8E5
:10B12000BB6A5A1E3B6B9A6397F92730B3F1FF3F16
:10B1300012D13B6B1B69002B27D03B6B1033184699
:10B1400001F092F80346002B1FD07B68002B1CD027
:10B150007B6801221A6018E000F080FE386297F9DF
:10B1600027303A6A9A4210D997F927307F2B04D1B9
:10B1700040F648010D48FEF7ECFE97F82730013302
:10B18000DBB25AB23B6B83F8442001237B6301E0BE
:10B1900000237B63FB6A7B617B6983F3118800BFBB
:10B1A0007B6B18463837BD4680BD00BF185E410036
:10B1B00080B485B000AF78607B685B6A002B06D0F6
:10B1C0007B681B6B1B68C3F10703FB6001E0002376
:10B1D000FB60FB6818461437BD4680BC704780B5DD
:10B1E00086B000AFF860B9607A6000237B61FB68CD
:10B1F0009B6B3B61FB681B6C002B0DD1FB681B68D4
:10B20000002B4DD1FB689B68184601F017FB786155
:10B21000FB6800229A6043E07B68002B19D1FB6831
:10B220005868FB681B6C1A46B96805F0FAFDFB68A4
:10B230005A68FB681B6C1A44FB685A60FB685A68C2
:10B24000FB689B689A422BD3FB681A68FB685A60BC
:10B2500026E0FB68D868FB681B6C1A46B96805F0E5
:10B26000E0FDFB68DA68FB681B6C5B421A44FB6814
:10B27000DA60FB68DA68FB681B689A4207D2FB68F1
:10B280009A68FB681B6C5B421A44FB68DA607B6857
:10B29000022B05D13B69002B02D03B69013B3B618E
:10B2A0003B695A1CFB689A637B6918461837BD4690
:10B2B00080BD80B582B000AF786039607B681B6C60
:10B2C000002B18D07B68DA687B681B6C1A447B689B
:10B2D000DA607B68DA687B689B689A4203D37B6894
:10B2E0001A687B68DA607B68D9687B681B6C1A46D1
:10B2F000386805F096FD00BF0837BD4680BD80B5B3
:10B3000084B000AF7860FAF70DFF7B6893F84530A2
:10B31000FB731EE07B689B6C002B08D0786800F004
:10B32000F7F80346002B10D001F0F2F80DE07B682F
:10B330005B6A002B12D07B682433184600F094FF20
:10B340000346002B01D001F0E3F8FB7B013BDBB2AD
:10B35000FB7397F90F30002BDCDC00E000BF7B684B
:10B36000FF2283F84520FAF709FFFAF7DBFE7B6836
:10B3700093F84430BB7311E07B681B69002B12D03B
:10B380007B681033184600F06FFF0346002B01D096
:10B3900001F0BEF8BB7B013BDBB2BB7397F90E300B
:10B3A000002BE9DC00E000BF7B68FF2283F844202B
:10B3B000FAF7E4FE00BF1037BD4680BD80B584B00B
:10B3C00000AF7860FAF7AEFE7B689B6B002B02D172
:10B3D0000123FB6001E00023FB60FAF7CFFEFB686E
:10B3E00018461037BD4680BD80B584B000AF786088
:10B3F000FAF798FE7B689A6B7B68DB6B9A4202D106
:10B400000123FB6001E00023FB60FAF7B7FEFB6855
:10B4100018461037BD4680BD80B584B000AF786057
:10B4200039600023BB607B68002B04D140F6CE312D
:10B430001B48FEF78EFD3B68002B24D00023FB60E9
:10B440001EE0184AFB68DB0013445B687A689A4286
:10B4500005D1FB68DB00134A1344BB6013E0BB68F3
:10B46000002B0AD10F4AFB6852F83330002B04D16D
:10B47000FB68DB000B4A1344BB60FB680133FB60D5
:10B48000FB68072BDDD9BB68002B05D0BB683A6889
:10B490001A60BB687A685A6000BF1037BD4680BD2D
:10B4A000185E4100307F432080B586B000AFF86061
:10B4B000B9607A60FB687B61FAF734FE7B6993F8C8
:10B4C00044305BB2B3F1FF3F03D17B69002283F8C4
:10B4D00044207B6993F845305BB2B3F1FF3F03D161
:10B4E0007B69002283F84520FAF748FE7B699B6B55
:10B4F000002B06D17B6924337A68B968184600F0BE
:10B5000071FE7869FFF7FBFE00BF1837BD4680BDAE
:10B5100080B586B000AF78607B689B6C3B61002390
:10B520007B613B69002B04D140F61A512748FEF796
:10B5300010FD3B699A6B3B69DB6B9A4204D340F682
:10B540001B512248FEF705FD3B699A6B3B69DB6B9B
:10B550009A4236D23B6993F84530FB733B1D00227B
:10B5600019463869FFF73BFE786197F90F30B3F160
:10B57000FF3F0ED13B695B6A002B22D03B6924332D
:10B58000184600F071FE0346002B1AD001237B61A0
:10B5900017E000F063FCB86097F90F30BA689A4280
:10B5A0000FD997F90F307F2B04D140F63D51074852
:10B5B000FEF7CFFCFB7B0133DBB25AB23B6983F869
:10B5C00045207B6918461837BD4680BD185E41008E
:10B5D00080B58AB004AFF860B9607A603B607B6A7E
:10B5E000002B04D140F2FC411F48FEF7B2FCBB6ABD
:10B5F000002B04D140F2FD411B48FEF7AAFC682352
:10B600003B613B69682B04D040F205511648FEF7B8
:10B61000A0FC3B69BB6A002B1FD07B6A002B1CD0AF
:10B62000BB6A7B6168220021786905F05DFB7B695C
:10B630007A6A1A637B69022283F8632000230393EA
:10B640007B690293FB6A01933B6A00933B687A68CB
:10B65000B968F86800F092F801E000237B617B692B
:10B6600018461837BD4680BD6C5E410080B58AB073
:10B6700004AFF860B9607A603B6000233B6107F17A
:10B6800010030393BB6A02937B6A01933B6A0093A6
:10B690003B687A68B968F868FFF79AFF78617B6958
:10B6A000002B02D0786900F0FBF83B691846183788
:10B6B000BD4680BD80B58AB004AFF860B9607A60DD
:10B6C0003B607B689B001846FEF706FD38613B69CE
:10B6D000002B13D06820FEF7FFFC78617B69002BFC
:10B6E00008D068220021786905F0FEFA7B693A6982
:10B6F0001A6305E03869FEF701FE01E000237B6173
:10B700007B69002B11D07B69002283F86320002322
:10B7100003937B6902937B6A01933B6A00933B68C6
:10B720007A68B968F86800F029F87B691846183714
:10B73000BD4680BD80B588B002AFF860B9607A6060
:10B740003B607B6A01933B6A00933B687A68B96807
:10B75000F868FFF7AFFF38613B69002B05D0386907
:10B7600000F09EF801237B6102E04FF0FF337B6124
:10B770007B6918461837BD4680BD000080B586B08D
:10B7800000AFF860B9607A603B60BB6A186B7B6899
:10B790009B001A46A52105F0A7FABB6A1A6B7968C7
:10B7A0006FF040430B449B0013443B613B6923F023
:10B7B00007033B613B6903F00703002B04D040F211
:10B7C00039713648FEF7C5FBBB68002B1ED000233D
:10B7D0007B6112E0BA687B6913441978BA6A7B69A5
:10B7E000134434330A461A70BA687B6913441B78D1
:10B7F000002B06D07B6901337B617B690F2BE9D974
:10B8000000E000BFBB6A002283F843203B6A062B9E
:10B8100004D940F26F712148FEF79BFB3B6A062B6F
:10B8200001D906233B62BB6A3A6ADA62BB6A3A6AAA
:10B83000DA64BB6A04331846FEF7B1FEBB6A1833FC
:10B840001846FEF7ACFEBB6ABA6A1A613B6AC3F1DE
:10B850000702BB6A9A61BB6ABA6A5A623A68F968B7
:10B860003869FAF72DFB0246BB6A1A60BB6A1B688F
:10B870003A69D31A9B101A467B68934204D840F267
:10B88000D2710648FEF765FB7B6A002B02D07B6A0B
:10B89000BA6A1A6000BF1837BD4680BD6C5E4100B1
:10B8A00080B584B000AF7860FAF73CFC414B1B6870
:10B8B0000133404A1360404B1B68002B09D13E4ABC
:10B8C0007B6813603B4B1B68012B10D100F044FEDA
:10B8D0000DE03A4B1B68002B09D1374B1B68DA6A25
:10B8E0007B68DB6A9A4202D8334A7B681360344B28
:10B8F0001B680133324A1360314B1A687B685A6403
:10B900007B68DB6A01229A402E4B1B6813432D4A49
:10B9100013607B68DA6A2C4913469B0013449B0032
:10B920000B4404331B68FB607B68FA689A60FB6811
:10B930009A687B68DA60FB689B687A6804325A60B0
:10B940007B681A1DFB689A607B68DA6A13469B0065
:10B9500013449B001C4A1A447B685A617B68DA6A6C
:10B96000194913469B0013449B000B441B687A68DB
:10B97000D26A591C144813469B0013449B0003448D
:10B980001960FAF7FBFB0D4B1B68002B0ED00A4B1E
:10B990001B68DA6A7B68DB6A9A4207D20B4B4FF06E
:10B9A00080521A60BFF34F8FBFF36F8F00BF103705
:10B9B000BD4680BD70804320707F43207C80432043
:10B9C0008C80432078804320747F432004ED00E086
:10B9D00080B586B000AF7860396000237B617B68FA
:10B9E000002B04D140F676112C48FEF7B2FA3B68E2
:10B9F000002B04D140F677112848FEF7AAFA00F090
:10BA00000DF9274B1B683B61264B1B68012B04D0AB
:10BA100040F67F112148FEF79CFA7B681B683A6864
:10BA20001344FB607B681B683A699A420BD27B68BF
:10BA30001B68FA689A4211D2FA683B699A420DD99A
:10BA400001237B610AE07B681B68FA689A4203D392
:10BA5000FA683B699A4201D901237B617B68FA68E5
:10BA60001A607B69002B06D0FA683B69D31A002163
:10BA7000184601F043F800F0DFF8B860BB68002B0F
:10BA800007D1094B4FF080521A60BFF34F8FBFF3BD
:10BA90006F8F7B6918461837BD4680BD6C5E4100CC
:10BAA000748043209880432004ED00E080B590B07E
:10BAB00004AF0123FB6207F1100300221A605A60F1
:10BAC0009A60DA6000233B6200237B6213E02F4A16
:10BAD0007B6A1344197807F110027B6A13440A4603
:10BAE0001A7007F110027B6A13441B78002B06D0F2
:10BAF0007B6A01337B627B6A0E2BE8D900E000BFD2
:10BB000007F110027B6A134400221A700023BB6203
:10BB100031E01F4B3B620023FB600023BB603A1DFA
:10BB200007F1080107F10C031846FEF751FA78688F
:10BB3000BB68FA6807F11001029201930023009399
:10BB400000230246386AFFF791FD02461149BB6A9D
:10BB500041F823200F4ABB6A52F82330002B02D051
:10BB60000123FB6201E00023FB62FB6A012B06D18B
:10BB7000BB6A0133BB62BB6A002BCADD00E000BFB9
:10BB8000FB6A18463037BD4680BD00BFBC5E410031
:10BB900029C540009480432080B582B000AFFFF7F4
:10BBA00085FF78607B68012B02D101F02DF8786069
:10BBB0007B68012B18D14FF0A00372B683F3118874
:10BBC000BFF36F8FBFF34F8F62B63B6000BF0E4B6A
:10BBD0004FF0FF321A600D4B01221A600C4B00220D
:10BBE0001A60FAF7F1F908E07B68B3F1FF3F04D17E
:10BBF00040F6F8610748FEF7ACF9074B1B6800BF39
:10BC00000837BD4680BD00BF908043207C80432024
:10BC1000748043206C5E4100685E410080B400AFD8
:10BC2000044B1B680133034A136000BFBD4680BC50
:10BC3000704700BF9880432080B588B000AF0023D4
:10BC4000FB610023BB61FAF76DFA00233B61724B85
:10BC50001B68002B04D140F6F6717048FEF779F9A5
:10BC60006D4B1B68013B6C4A13606B4B1B68002BD0
:10BC700040F0CA806A4B1B68002B00F0C5808EE044
:10BC8000684BDB68DB68FB61FB699B6AFB60FB69F7
:10BC9000DB69FA69126A9A60FB691B6AFA69D26900
:10BCA0005A60FB685A68FB6918339A4203D1FB69F2
:10BCB0001A6AFB685A60FB6900229A62FB681B687B
:10BCC0005A1EFB681A60FB695B69BB60FB699B6875
:10BCD000FA69D2689A60FB69DB68FA6992685A600F
:10BCE000BB685A68FB6904339A4203D1FB69DA687E
:10BCF000BB685A60FB6900225A61BB681B685A1E08
:10BD0000BB681A60FB69DB6A01229A40464B1B68DC
:10BD10001343454A1360FB69DA6A444913469B00A2
:10BD200013449B000B4404331B687B60FB697A68F7
:10BD30009A607B689A68FB69DA607B689B68FA693D
:10BD400004325A60FB691A1D7B689A60FB69DA6AE3
:10BD500013469B0013449B00344A1A44FB695A6102
:10BD6000FB69DA6A314913469B0013449B000B447C
:10BD70001B68FA69D26A591C2C4813469B0013446D
:10BD80009B0003441960FB69DA6A294B1B68DB6A74
:10BD90009A4204D9274A3B69012142F82310214BDA
:10BDA0001B68002B7FF46CAFFB69002B01D000F007
:10BDB0006DFC214B1B687B617B69002B12D000F06E
:10BDC00057F80346002B04D01A4A3B69012142F878
:10BDD00023107B69013B7B617B69002BEFD1164B04
:10BDE00000221A60134A3B6952F82330002B0BD013
:10BDF0000123BB610E4B1B68104B4FF080521A6041
:10BE0000BFF34F8FBFF36F8FFAF7B8F9BB691846CE
:10BE10002037BD4680BD00BF988043206C5E410046
:10BE2000708043203080432078804320747F4320FB
:10BE3000707F4320848043208080432004ED00E015
:10BE400080B483B000AF044B1B687B607B681846EE
:10BE50000C37BD4680BC70477480432080B400AF6F
:10BE6000024B1B681846BD4680BC7047708043205B
:10BE700080B588B000AF0023FB617B4B1B68002BB3
:10BE800040F0E880794B1B680133BB61774ABB699E
:10BE90001360BB69002B1AD1754B1B681B68002B04
:10BEA00004D041F2FC217348FEF753F8704B1B6835
:10BEB0007B61714B1B686E4A13606F4A7B6913602C
:10BEC0006E4B1B6801336D4A136000F0DFFB6C4B57
:10BED0001B68BA699A42C0F0A880654B1B681B6852
:10BEE000002B04D1664B4FF0FF321A609DE0604B8F
:10BEF0001B68DB68DB683B613B695B68FB60BA69B8
:10BF0000FB689A4203D25E4AFB6813608DE03B698E
:10BF10005B69BB603B699B683A69D2689A603B6920
:10BF2000DB683A6992685A60BB685A683B690433B7
:10BF30009A4203D13B69DA68BB685A603B690022C8
:10BF40005A61BB681B685A1EBB681A603B699B6AD2
:10BF5000002B1ED03B699B6A7B603B69DB693A69B9
:10BF6000126A9A603B691B6A3A69D2695A607B68B7
:10BF70005A683B6918339A4203D13B691A6A7B6855
:10BF80005A603B6900229A627B681B685A1E7B6874
:10BF90001A603B69DB6A01229A403A4B1B681343E3
:10BFA000384A13603B69DA6A374913469B001344E9
:10BFB0009B000B4404331B683B603B693A689A6002
:10BFC0003B689A683B69DA603B689B683A6904326F
:10BFD0005A603B691A1D3B689A603B69DA6A1346EE
:10BFE0009B0013449B00284A1A443B695A613B69F1
:10BFF000DA6A254913469B0013449B000B441B68D7
:10C000003A69D26A591C204813469B0013449B008E
:10C01000034419603B69DA6A1C4B1B68DB6A9A426D
:10C020007FF65BAF0123FB6157E7184B1B68DA6AA9
:10C03000154913469B0013449B000B441B68012BBE
:10C0400001D90123FB61124B1B68002B07D0012390
:10C05000FB6104E00F4B1B6801330E4A1360FB6960
:10C0600018462037BD4680BD988043207480432009
:10C07000288043206C5E41002C8043208880432030
:10C080009080432078804320747F4320707F43203A
:10C09000848043208080432080B588B000AF3B4B34
:10C0A0001B68002B03D03A4B01221A606AE0384B20
:10C0B00000221A60374B1B681B6BFB614FF0A533E6
:10C0C000BB61344B1B681A68324B1B681B6B9A426E
:10C0D00016D9FB691B68BA699A4211D1FB6904330E
:10C0E0001B68BA699A420BD1FB6908331B68BA69AD
:10C0F0009A4205D1FB690C331B68BA699A4209D090
:10C10000244B1B6834337B61224B1B6879691846CA
:10C11000FDF737FF204B1B68BB60BB68B3FA83F3A6
:10C12000FB71FB79C3F11F033B611C493A6913465C
:10C130009B0013449B000B441B68002B04D141F26D
:10C1400099411748FDF705FF3A6913469B001344D0
:10C150009B00124A1344FB60FB685B685A68FB68EB
:10C160005A60FB685A68FB6808339A4203D1FB683F
:10C17000DA68FB685A60FB685B68DB68054A136035
:10C18000044B1B6800BF2037BD4680BD988043200C
:10C1900084804320707F432078804320747F432035
:10C1A0006C5E410080B582B000AF786039607B681A
:10C1B000002B04D141F21F510848FDF7CAFE084B7D
:10C1C0001B68183319467868FEF7F5F901213868BD
:10C1D00000F094FC00BF0837BD4680BD6C5E410096
:10C1E000707F432080B586B000AFF860B9607A6098
:10C1F000FB68002B04D141F25D511948FDF7A9FEFF
:10C20000FB685B687B61174B1B687A69DA61154BC9
:10C210001B687A6992681A62124B1A687B699B687C
:10C2200018325A600F4B1B6803F118027B699A6041
:10C230000C4B1B68FA689A62FB681B685A1CFB6807
:10C240001A607B68002B02D04FF0FF33BB60796827
:10C25000B86800F053FC00BF1837BD4680BD00BF72
:10C260006C5E4100707F432080B588B000AF78607D
:10C270007B68DB68DB68BB61BB69002B04D141F2E2
:10C2800094515B48FDF765FEBB699B6A7B61BB69A6
:10C29000DB69BA69126A9A60BB691B6ABA69D269BA
:10C2A0005A607B695A68BB6918339A4203D1BB69EB
:10C2B0001A6A7B695A60BB6900229A627B691B68B3
:10C2C0005A1E7B691A604B4B1B68002B60D1BB69FF
:10C2D0005B69FB60BB699B68BA69D2689A60BB699D
:10C2E000DB68BA6992685A60FB685A68BB690433B4
:10C2F0009A4203D1BB69DA68FB685A60BB690022C5
:10C300005A61FB681B685A1EFB681A60BB69DB6ACE
:10C3100001229A40384B1B681343374A1360BB69AC
:10C32000DA6A364913469B0013449B000B440433DE
:10C330001B68BB60BB69BA689A60BB689A68BB69D6
:10C34000DA60BB689B68BA6904325A60BB691A1D1F
:10C35000BB689A60BB69DA6A13469B0013449B0072
:10C36000264A1A44BB695A61BB69DA6A23491346F3
:10C370009B0013449B000B441B68BA69D26A591C8A
:10C380001E4813469B0013449B00034419601BE0A6
:10C390001B4B5B683B61BB693A69DA613B699A6830
:10C3A000BB691A623B699B68BA6918325A60BB69FB
:10C3B00003F118023B699A60BB69114A9A62104BFB
:10C3C0001B6801330E4A1360BB69DA6A0D4B1B68A8
:10C3D000DB6A9A4205D90123FB610B4B01221A60EB
:10C3E00001E00023FB61FB6918462037BD4680BD94
:10C3F0006C5E41009880432078804320747F432006
:10C4000030804320707F43208480432080B483B0F9
:10C4100000AF7860064B1A687B681A60054B1A6893
:10C420007B685A6000BF0C37BD4680BC704700BFB8
:10C43000888043207480432080B586B000AF786048
:10C4400039607B68002B04D141F244612C48FDF730
:10C4500080FD3B68002B04D141F245612848FDF77F
:10C4600078FDF9F75FFE274B1B683B617B685B68D3
:10C470003A69D31AFB60244B1B6893F86430002B95
:10C4800007D0214B1B68002283F8642001237B61C5
:10C490002EE03B681B68B3F1FF3F02D100237B61B4
:10C4A00026E07B681A68194B1B689A420AD07B68A1
:10C4B0005B683A699A4205D301237B613B6800229D
:10C4C0001A6015E03B681B68FA689A420BD23B6819
:10C4D0001A68FB68D21A3B681A607868FFF796FF03
:10C4E00000237B6104E03B6800221A6001237B612A
:10C4F000F9F744FE7B6918461837BD4680BD00BF7A
:10C500006C5E410074804320707F4320888043200C
:10C5100080B400AF034B01221A6000BFBD4680BC4F
:10C52000704700BF8480432080B582B000AF786040
:10C5300000F052F8064B1B68012BF9D9054B4FF060
:10C5400080521A60BFF34F8FBFF36F8FF0E700BFC9
:10C55000747F432004ED00E080B582B000AF00237B
:10C560007B600CE07A6813469B0013449B00124AE0
:10C5700013441846FDF7F4FF7B6801337B607B684A
:10C58000062BEFD90D48FDF7EBFF0D48FDF7E8FF4F
:10C590000C48FDF7E5FF0C48FDF7E2FF0B48FDF7FF
:10C5A000DFFF0B4B054A1A600A4B054A1A6000BFB1
:10C5B0000837BD4680BD00BF747F43200080432004
:10C5C0001480432030804320448043205C804320FB
:10C5D000288043202C80432080B582B000AF19E032
:10C5E000F9F7A0FD104BDB68DB687B607B680433E8
:10C5F0001846FEF718F80D4B1B68013B0B4A1360F9
:10C600000B4B1B68013B0A4A1360F9F7B7FD7868CA
:10C6100000F010F8064B1B68002BE1D100BF00BFF3
:10C620000837BD4680BD00BF448043207080432052
:10C630005880432080B582B000AF78607B6893F863
:10C640006330002B08D17B681B6B1846FDF756FE44
:10C650007868FDF753FE12E07B6893F86330012B96
:10C6600003D17868FDF74AFE09E07B6893F86330F0
:10C67000022B04D041F6D3110348FDF76AFC00BF3A
:10C680000837BD4680BD00BF6C5E410080B400AF7E
:10C69000094B1B681B68002B04D1084B4FF0FF327D
:10C6A0001A6005E0044B1B68DB681B68034A1360D3
:10C6B00000BFBD4680BC7047288043209080432047
:10C6C00080B483B000AF0B4B1B68002B02D1012359
:10C6D0007B6008E0084B1B68002B02D102237B60C3
:10C6E00001E000237B607B6818460C37BD4680BCA8
:10C6F000704700BF7C8043209880432080B586B07F
:10C7000000AF78607B683B6100237B617B68002B16
:10C7100000F089803B69DA6A454B1B68DB6A9A4204
:10C7200078D23B699B69002B06DB414B1B68DB6AB7
:10C73000C3F107023B699A613B6959693B69DA6A4F
:10C7400013469B0013449B003A4A1344994259D123
:10C750003B6904331846FDF766FF0346002B0AD1F8
:10C760003B69DB6A012202FA03F3DA43324B1B68AE
:10C770001340314A13602E4B1B68DA6A3B69DA6258
:10C780003B69DB6A01229A402B4B1B6813432A4A00
:10C7900013603B69DA6A274913469B0013449B00E8
:10C7A0000B4404331B68FB603B69FA689A60FB68C2
:10C7B0009A683B69DA60FB689B683A6904325A60A0
:10C7C0003B691A1DFB689A603B69DA6A13469B0055
:10C7D00013449B00174A1A443B695A613B69DA6A61
:10C7E000144913469B0013449B000B441B683A6991
:10C7F000D26A591C0F4813469B0013449B00034404
:10C80000196004E00A4B1B68DA6A3B69DA620123AB
:10C810007B6108E03B69DA6C054B1B68DB6A9A4276
:10C8200001D201237B617B6918461837BD4680BD64
:10C83000707F4320747F43207880432080B586B08A
:10C8400000AF78607B683B6100237B617B68002BD5
:10C8500000F08280434B1B683A699A4204D041F64B
:10C86000CD214148FDF775FB3B691B6D002B04D1C1
:10C8700041F6CE213C48FDF76CFB3B691B6D5A1E0F
:10C880003B691A653B69DA6A3B69DB6C9A4263D0A3
:10C890003B691B6D002B5FD13B6904331846FDF7E4
:10C8A000C2FE0346002B0AD13B69DB6A012202FA71
:10C8B00003F3DA432D4B1B6813402C4A13603B698A
:10C8C000DA6C3B69DA623B69DB6AC3F107023B69F8
:10C8D0009A613B69DB6A01229A40244B1B6813432F
:10C8E000224A13603B69DA6A214913469B001344CC
:10C8F0009B000B4404331B68FB603B69FA689A6039
:10C90000FB689A683B69DA60FB689B683A690432A5
:10C910005A603B691A1DFB689A603B69DA6A1346E4
:10C920009B0013449B00124A1A443B695A613B69BD
:10C93000DA6A0F4913469B0013449B000B441B68A3
:10C940003A69D26A591C0A4813469B0013449B005B
:10C950000344196001237B617B6918461837BD4683
:10C9600080BD00BF707F43206C5E41007880432013
:10C97000747F432080B588B000AF786039607B68F1
:10C98000BB6101237B617B68002B00F09580BB6954
:10C990001B6D002B04D141F62B314948FDF7D9FA24
:10C9A000BB69DB6C3A689A4202D93B68FB6102E0E2
:10C9B000BB69DB6CFB61BB69DB6AFA699A427BD0BD
:10C9C000BB691B6D7A699A4276D13E4B1B68BA6986
:10C9D0009A4204D141F646313948FDF7BAFABB69AB
:10C9E000DB6A3B61BB69FA69DA62BB699B69002B50
:10C9F00004DBFB69C3F10702BB699A61BB69596932
:10CA00003A6913469B0013449B002F4A13449942F2
:10CA100052D1BB6904331846FDF705FE0346002BCF
:10CA200009D101223B6902FA03F3DA43274B1B6861
:10CA30001340264A1360BB69DB6A01229A40234BEC
:10CA40001B681343214A1360BB69DA6A1E49134607
:10CA50009B0013449B000B4404331B68FB60BB69C1
:10CA6000FA689A60FB689A68BB69DA60FB689B6841
:10CA7000BA6904325A60BB691A1DFB689A60BB69C7
:10CA8000DA6A13469B0013449B000F4A1A44BB69A1
:10CA90005A61BB69DA6A0C4913469B0013449B0038
:10CAA0000B441B68BA69D26A591C074813469B009D
:10CAB00013449B000344196000BF2037BD4680BD6E
:10CAC0006C5E4100707F4320747F43207880432058
:10CAD00080B483B000AF084B1B687B607B68002B81
:10CAE00004D07B681B6D5A1C7B681A657B681846EE
:10CAF0000C37BD4680BC7047707F432080B588B03E
:10CB000000AF78603960394B1B68FB61384B1B689C
:10CB1000BB61384B1B687B61374B1B68002283F875
:10CB20006420354B1B6804331846FDF77CFD034633
:10CB3000002B0BD1304B1B68DB6A012202FA03F396
:10CB4000DA432E4B1B6813402C4A13607B68B3F109
:10CB5000FF3F24D13B68002B21D0294B5B683B6110
:10CB6000254B1B683A699A60234B1B683A699268A7
:10CB7000DA60214B1A683B699B6804325A601E4B8D
:10CB80001B681A1D3B699A601B4B1B681C4A5A6143
:10CB90001B4B1B6801331A4A136000BF22E0FA697D
:10CBA0007B681344FB60144B1B68FA685A60FA6890
:10CBB000FB699A4207D2104B1B6804331946786907
:10CBC000FDF7F9FC0EE00C4B1B6804331946B869FD
:10CBD000FDF7F1FC0B4B1B68FA689A4202D2094A36
:10CBE000FB68136000BF2037BD4680BD74804320C2
:10CBF000288043202C804320707F4320788043206E
:10CC00005C8043209080432080B588B004AF00232F
:10CC1000FB6000F07BFA194B1B68002B20D000232F
:10CC2000BB6000237B603A46391D07F108031846B4
:10CC3000FDF7E6F939687B68BA680292019306232A
:10CC4000009300230A460E490E48FEF70FFD0346E7
:10CC50000D4A13600C4B1B68002B01D00123FB60B5
:10CC6000FB68002B04D14FF4A3710848FDF771F95C
:10CC7000FB6818461037BD4680BD00BFCC804320FE
:10CC8000D45E410035CD4000D0804320DC5E4100C1
:10CC900080B584B000AFF860B9607A6008E0FB68E6
:10CCA0009B69BA681344BB60FB681B6AF8689847C5
:10CCB000FB689A69BB68D118BB687A68F86800F0AD
:10CCC000DBF80346002BEAD100BF00BF1037BD469A
:10CCD00080BD000080B584B000AF78603960144B2F
:10CCE0001B68DB68DB68FB60FB6804331846FDF7F4
:10CCF0009AFCFB6893F8283003F00403002B05D05E
:10CD00003A687968F868FFF7C3FF08E0FB6893F8B2
:10CD1000283023F00103DAB2FB6883F82820FB688F
:10CD20001B6AF868984700BF1037BD4680BD00BF3A
:10CD3000C480432080B584B000AF786007F1080359
:10CD4000184600F057F8F860BB681946F86800F01C
:10CD500003F800F0D3F8F1E780B584B000AF786055
:10CD60003960FEF75BFF07F10803184600F064F82E
:10CD7000F860BB68002B31D13B68002B0AD17A6880
:10CD8000FB689A4206D8FEF757FFF9687868FFF704
:10CD9000A1FF25E03B68002B09D0134B1B681B68E3
:10CDA000002B02D101233B6001E000233B600F4BCD
:10CDB00018687A68FB68D31A3A681946FEF774FB5C
:10CDC000FEF73AFF0346002B0AD1094B4FF0805281
:10CDD0001A60BFF34F8FBFF36F8F01E0FEF72CFF98
:10CDE00000BF1037BD4680BDC8804320CC804320A3
:10CDF00004ED00E080B485B000AF78600D4B1B6897
:10CE00001B68002B01D1012200E000227B681A6020
:10CE10007B681B68002B05D1064B1B68DB681B6811
:10CE2000FB6001E00023FB60FB6818461437BD4639
:10CE300080BC7047C480432080B584B000AF786068
:10CE4000FEF7FEFFF8600B4B1B68FA689A4205D2AA
:10CE500000F036F97B6801221A6002E07B6800224C
:10CE60001A60044AFB681360FB6818461037BD4619
:10CE700080BD00BFD480432080B586B000AFF8608D
:10CE8000B9607A603B6000237B61FB68BA685A60D6
:10CE9000FB68FA681A61BA687B689A4212D87A68A5
:10CEA0003B68D21AFB689B699A4202D301237B61DB
:10CEB0001BE0104B1A68FB68043319461046FDF757
:10CEC0007AFB12E07A683B689A4206D2BA683B68FD
:10CED0009A4202D301237B6107E0074B1A68FB6883
:10CEE000043319461046FDF766FB7B691846183770
:10CEF000BD4680BDC8804320C480432080B588B033
:10CF000000AF3B1D00221A605A609A60DA60C2E0EE
:10CF10007B68002B12DA3B1D0433FB61FB69002B9D
:10CF200004D140F2BB316448FDF713F8FB691B687C
:10CF3000FA695068FA699268114698477B68002B35
:10CF4000C0F2A980FB68BB61BB69002B00F0A38025
:10CF5000BB695B69002B04D0BB6904331846FDF73D
:10CF600062FB3B461846FFF767FF78617B68092B39
:10CF70005AD0092B00F38C80082B4BD0082B00F3E0
:10CF80008780072B00F38480062B0FDA052B6AD0ED
:10CF9000052B7DDC042B47D0042B79DC022B02DC33
:10CFA000002B03DC74E0032B34D071E0BB6993F8F1
:10CFB000283043F00103DAB2BB6983F82820BA684D
:10CFC000BB699B69D118BB687A69B869FFF754FFE0
:10CFD0000346002B5ED0BB6993F8283003F00403AE
:10CFE000002B09D0BA68BB699B6913447A6919465A
:10CFF000B869FFF74DFE08E0BB6993F8283023F0CD
:10D000000103DAB2BB6983F82820BB691B6AB869DF
:10D0100098473FE0BB6993F8283023F00103DAB268
:10D02000BB6983F8282036E0BB6993F8283043F0C9
:10D030000103DAB2BB6983F82820BA68BB699A6138
:10D04000BB699B69002B04D14FF482611A48FCF73D
:10D0500080FFBB699A697B69D1187B697A69B86975
:10D06000FFF70AFF17E0BB6993F8283003F00203CB
:10D07000002B03D1B869FDF741F90CE0BB6993F8C7
:10D08000283023F00103DAB2BB6983F8282002E0DC
:10D0900000BF00E000BF094B1B68391D0022184685
:10D0A000FDF73EFE0346002B7FF432AF00BF00BF0A
:10D0B0002037BD4680BD00BFDC5E4100CC804320F0
:10D0C00080B582B000AF09E00E4B1B68DB681B68BF
:10D0D0003B604FF0FF313868FFF7FCFD094B1B68E0
:10D0E0001B68002BF0D1074B1B687B60064B1B684D
:10D0F000044A1360044A7B68136000BF0837BD46CA
:10D1000080BD00BFC4804320C880432080B582B06A
:10D1100002AFF9F707F8154B1B68002B20D1144814
:10D12000FDF71EFA1348FDF71BFA134B104A1A605D
:10D13000124B104A1A6000230093114B114A102120
:10D140000A20FDF71FFB0346084A1360074B1B68C4
:10D15000002B05D0054B1B680B491846FEF75CF900
:10D16000F9F70CF800BFBD4680BD00BFCC8043205E
:10D170009C804320B0804320C4804320C88043204B
:10D1800078814320D88043202C5F410080B483B055
:10D1900000AF78605C2318460C37BD4680BC7047F2
:10D1A00080B483B000AF786039603B685B2B07D8F0
:10D1B0003A6813469B0013449B00044A134400E062
:10D1C000024B18460C37BD4680BC70478462410054
:10D1D00080B483B000AF78607B680E4A1A607B68C9
:10D1E0000D4A5A6079684FF000024FF00003C1E920
:10D1F000022379684FF000024FF00003C1E90423D5
:10D200007B6800221A767B6818460C37BD4680BCC6
:10D21000704700BF4877FFFF0461FFFF80B483B011
:10D2200000AF78607B68084A1A607B68074A5A60DA
:10D230007B6800229A607B6800221A737B6818461C
:10D240000C37BD4680BC70474877FFFF0461FFFF85
:10D2500080B483B000AF78607B6800221A607B687E
:10D2600000225A607B6800229A607B680022DA60A4
:10D270007B6800221A747B6800225A747B68184607
:10D280000C37BD4680BC704780B582B000AF786077
:10D290007B6800221A607B6800229A807B680022EB
:10D2A0009A607B684FF07E52DA607B684FF0000234
:10D2B0001A617B68143300221A605A609A60DA603F
:10D2C0007B6814331846FFF7A9FF7B6828332022B8
:10D2D0000021184603F008FD7B6828331846FFF745
:10D2E00077FF7B6818460837BD4680BD80B483B0A1
:10D2F00000AF7860054A7B681A607B6800225A603C
:10D300007B6818460C37BD4680BC7047847041006E
:10D3100080B582B000AF78607B681846FFF7E6FF03
:10D32000034A7B681A607B6818460837BD4680BD93
:10D330005070410080B582B000AF78607B681846BD
:10D34000FFF7E6FF034A7B681A607B6818460837D8
:10D35000BD4680BD1C70410080B483B000AF7860D2
:10D36000044A7B681A607B6818460C37BD4680BC4F
:10D37000704700BF846F410080B582B000AF786015
:10D380007B681846FFF7E8FF034A7B681A607B68F2
:10D3900018460837BD4680BDF46B410080B483B0A9
:10D3A00000AF7860044A7B681A607B6818460C37C7
:10D3B000BD4680BC704700BF9C70410080B483B004
:10D3C00000AF7860044A7B681A607B6818460C37A7
:10D3D000BD4680BC704700BF986F410080B582B0E9
:10D3E00000AF78607B681846FFF7E8FF034A7B6868
:10D3F0001A607B6818460837BD4680BDBC6941008D
:10D400002DE9F0418AB006AFF860B960FB681846B4
:10D41000FFF7C4FF9A4AFB681A60FB68BA685A6053
:10D42000FB6800229A60FB6800221A73FB681033C5
:10D430001846FFF7D3FFFB68143300221A605A60C6
:10D440009A60DA601A61FB6814331846FFF700FF30
:10D45000FB682833B968184600F0B1FCFB6803F597
:10D460003C7348220021184603F03EFCFB6803F59C
:10D470003C731846FFF708FFFB680022C3F8382307
:10D48000FB680022C3F83C23FB6803F54E73184683
:10D49000FFF750FFFB6803F55070FB6803F11001C4
:10D4A000FB6803F54E731A46FAF73AFFFB6803F67A
:10D4B0005850FB6803F65451FB6828331A4600F0B5
:10D4C0007CFBFB686F481844FB6803F65855FB6803
:10D4D00003F12806FB6803F53C7CFB6803F55072FA
:10D4E000FB6803F11401FC68674B2344029301912C
:10D4F000009263463246294600F018FAFB686248FB
:10D500001844FB6803F65851FB6803F55072FB683A
:10D5100003F11404FB6828330093234600F09EFABD
:10D52000FB685A481844FB6803F6585CFB6803F133
:10D53000280EFB6803F53C71FB6803F55074FB682B
:10D5400003F11405FA68504B1344FE684D4A324407
:10D550000492039302950194009173466246B96860
:10D5600000F070F9FB684A481844FB6803F6585C01
:10D57000FB6803F6545EFB6803F12808FB6803F5BB
:10D580003C737B60FB6803F55075FB6803F1140680
:10D59000FA683E4B1344F9683A4A0A44F9680C4663
:10D5A00039492144059104920393029601957B68C1
:10D5B000009343467246614600F0AEF8FB6803F5FF
:10D5C00014331A460023C2F8BC33FA68314B1344B3
:10D5D0001846FFF7D1FEFB682F481844FB6803F19B
:10D5E0002801FB6803F53C74FB6803F55075FA6885
:10D5F000274B134400932B46224600F053F8FB6858
:10D60000264C1C44FB685B681B680C331B68FA687B
:10D61000526810469847FB681D4A1A44F9681D4B2A
:10D620000B440146204601F0CBF9FB681C4C1C441E
:10D63000FB685B681B6814331B68FA685268212119
:10D64000104698470546FB685B681B6814331B68E7
:10D65000FA68526822211046984703461A4629461E
:10D66000204601F08BFAFB6803F518331A460023B5
:10D67000C2F88430FB6818461037BD46BDE8F0811B
:10D68000D4694100344E0200584E0200784E020028
:10D69000B44E0200BC530200C0530200E853020023
:10D6A0006060020080B584B000AFF860B9607A6055
:10D6B0003B60F8684FF4807301220B4900F0E8FFEB
:10D6C0000A4AFB681A60FB68BA689A61FB687A6864
:10D6D000DA61FB683A681A62FB68BA695A62FB68E9
:10D6E00018461037BD4680BDE4694100FC69410021
:10D6F00080B483B000AF78600B46FB70054A7B684E
:10D700001A607B68FA781A717B6818460C37BD4638
:10D7100080BC7047905D4100B0B586B002AFF86044
:10D72000B9607A603B60FB6800211846FFF7E0FFB4
:10D73000274AFB681A60FB68BA689A60FB683A6817
:10D74000DA60FB683A6A1A61FB687A6A5A61FB68B8
:10D75000BA6A9A61FB687A68DA61FB68FA6A1A62E7
:10D76000FB683A6B5A62FB687A6B9A62FB6803F15A
:10D770002C00FB681969FB685C69FB68DD68FB6865
:10D780009B68FA68D269019200932B46224600F00A
:10D790009DF8FB6803F2E440FB685969FB68DB68AD
:10D7A0001A4600F02FF8FB680022C3F8F824FB6843
:10D7B0000022C3F8FC24FB680022C3F80025FB68A4
:10D7C0000022C3F80425FB6818461037BD46B0BDDB
:10D7D000186A410080B582B000AF786039607B681C
:10D7E0009B6839681846F4F711FA00BF0837BD4640
:10D7F00080BD80B483B000AF786000BF0C37BD46F9
:10D8000080BC704780B584B000AFF860B9607A60C2
:10D81000FB68184600F06CFE094AFB681A60FB685A
:10D82000BA689A60FB687A68DA60786800F0F8FA9B
:10D830000246FB681A61FB6818461037BD4680BD7A
:10D840002C6A410090B585B000AFF860B9607A608D
:10D850003B60FB68184600F05FFE154AFB681A60E3
:10D86000FB6803F10804F5F7BBFF0246114B2721C3
:10D870002046F9F7CCF9FB68BA68DA61FB687A6888
:10D880001A62FB683A685A62FB683A6A9A62FB68F5
:10D890007A6ADA62FB68BA6A1A63FB68FA6A5A63E0
:10D8A000FB683A6B9A63FB6818461437BD4690BD17
:10D8B0007C6A4100F537400080B400AF024B1B7812
:10D8C0001846BD4680BC70470400402080B584B037
:10D8D00000AFF860B9607A603B60FB68184600F002
:10D8E000F3FD114AFB681A60FB68BA689A60FB682E
:10D8F0007A68DA60FB6803F110007B68BA693968FE
:10D9000000F056FCFB6803F178007B68FA6939681F
:10D9100000F0E4FBFB68002283F8B424FB6818469F
:10D920001037BD4680BD00BFA86A410080B584B0F5
:10D9300000AFF860B9607A603B60FB68184600F0A1
:10D940009BFD0F4AFB681A60FB68BA689A60FB6827
:10D950007A68DA60FB683A681A61FB68BA695A61EA
:10D96000FB68FA699A61FB683A6ADA61FB6800222F
:10D9700083F82020FB6818461037BD4680BD00BFE5
:10D98000E46A410080B483B000AF78600B46FB705E
:10D990007B68FA7883F8202000BF0C37BD4680BC36
:10D9A000704780B586B000AFF8607A601A460B46C3
:10D9B000FB721346BB72FB685B69F97A7A6818469A
:10D9C000FAF775FD03467B6107F11403184601F071
:10D9D00020FC0346002B06D0BB7A002B14BF01238A
:10D9E0000023DBB200E0002307F1100219461046C5
:10D9F00001F0D5FB3B6918461837BD4680BD80B5A0
:10DA000086B000AFF8607A601A460B46FB72134688
:10DA1000BB72FB685B69F97A7A681846FAF76EFDA3
:10DA200003467B6107F11403184601F0F2FB03463D
:10DA3000002B06D0BB7A002B14BF01230023DBB2DE
:10DA400000E0002307F110021946104601F0A7FB81
:10DA50003B6918461837BD4680BD000080B584B0CC
:10DA600000AFF860B9607A603B60FB68184600F070
:10DA700017FD0E4AFB681A60FB68BA689A60FB687B
:10DA80007A68DA60FB683A681A61B86900F0D3F91D
:10DA90000246FB685A61FB6800221A76FB68002286
:10DAA000DA61FB6818461037BD4680BD186B41002F
:10DAB00080B483B000AF78600B46FB707B68FA7867
:10DAC0001A7600BF0C37BD4680BC704780B582B067
:10DAD00000AF786039607B683A68DA617B685A69C0
:10DAE0003B68002B0CBF01230023DBB21946104614
:10DAF00000F01FFA00BF0837BD4680BD80B483B078
:10DB000000AF786039607B683A689A6000BF0C3774
:10DB1000BD4680BC704780B483B000AF78607B683E
:10DB20009B6818460C37BD4680BC704780B483B0F4
:10DB300000AF78607B6803F5B26318460C37BD46CA
:10DB400080BC704780B483B000AF78607B6803F21C
:10DB50001C4318460C37BD4680BC704780B582B068
:10DB600000AF78600B46FB707B680C33FA78114687
:10DB70001846F3F7CBFF034618460837BD4680BD6D
:10DB800080B483B000AF7860252318460C37BD46BB
:10DB900080BC704780B483B000AF786000BF0C37A2
:10DBA000BD4680BC704780B483B000AF786000236E
:10DBB00018460C37BD4680BC704780B584B000AFB6
:10DBC000F860B9607A60FB68BA681A60FB687A68C6
:10DBD0005A60FB6808334FF400320021184603F006
:10DBE00083F8FB6803F5003308334FF480420021CB
:10DBF000184603F079F8FB6803F510330833482220
:10DC00000021184603F070F8FB6803F51033503319
:10DC100040220021184603F067F8FB6803F5103333
:10DC20001A469B231365FB6803F51033903340229B
:10DC30000021184603F058F8FB6803F510331A4624
:10DC40000123C2F89030FB6803F510331A46002315
:10DC5000C2F8D030FB6803F510331A460023C2F82F
:10DC6000D430FB6803F51033002283F8D820FB681A
:10DC700003F51033002283F8D920FB6818461037CB
:10DC8000BD4680BD80B582B000AF78600B46FB70AA
:10DC9000FB78112B0CD87A68094B1344FA7892035D
:10DCA0000832796811444FF48042184603F0B9F8FD
:10DCB0007A68034B134418460837BD4680BD00BF41
:10DCC0000800020080B487B000AF78607A680D4B1E
:10DCD00013443B613B697B613B694033FB6007E078
:10DCE0007B69BB60BB6800221A607B6904337B617F
:10DCF0007A69FB689A42F3D100BF00BF1C37BD466A
:10DD000080BC70475040020080B485B000AFF8601E
:10DD1000B9607A60BB680F2B07DC7968FA68B8686D
:10DD200049F21403034442F8231000BF1437BD46E0
:10DD300080BC704780B483B000AF064B1B687B602B
:10DD4000044B00221A607B6818460C37BD4680BC25
:10DD5000704700BF3402402080B400AF044B1B6802
:10DD60000133034A136000BFBD4680BC704700BF4B
:10DD70003402402080B483B000AF78607B6800221A
:10DD80001A607B6800225A607B6800221A727B68E6
:10DD900000225A727B680022DA607B6800221A61D6
:10DDA0007B6800225A617B6800229A617B680022AE
:10DDB000DA617B6818460C37BD4680BC704780B579
:10DDC00082B000AF786039607B683A681A607B681F
:10DDD00004333968184600F0D6F87B6803F52673DB
:10DDE00020220021184602F07FFF7B6803F526738E
:10DDF0001846FFF7BFFF7B680022C3F8B8227B6894
:10DE00000022C3F8BC227B68002283F8C0227B6812
:10DE1000002283F8C1227B6818460837BD4680BDC2
:10DE200080B483B000AF78607B68043318460C3749
:10DE3000BD4680BC704780B483B000AF78607B681B
:10DE400003F5267318460C37BD4680BC704780B575
:10DE500082B000AF78607B6803F52673184600F047
:10DE60001FF800BF0837BD4680BD80B582B000AF47
:10DE700078607B6803F52673184600F01FF80346A8
:10DE800018460837BD4680BD80B483B000AF7860C7
:10DE90007B6893F8C13218460C37BD4680BC70478A
:10DEA00080B582B000AF7860786800F02BF87868B1
:10DEB000F4F7AAFA00BF0837BD4680BD80B584B02C
:10DEC00000AF7860786800F00DF80346FB73FB7BC9
:10DED000002B02D07868F4F7A0FAFB7B18461037C5
:10DEE000BD4680BD80B483B000AF78607B685B685E
:10DEF000002BD4BF01230023DBB218460C37BD46EC
:10DF000080BC704780B483B000AF78607B680A2221
:10DF10005A6000BF0C37BD4680BC704780B483B0E8
:10DF200000AF78607B685B6818460C37BD4680BCE4
:10DF3000704780B483B000AF78600B46FB707B689D
:10DF4000FA781A7200BF0C37BD4680BC704780B4A7
:10DF500083B000AF78607B681B7ADBB218460C3761
:10DF6000BD4680BC704780B485B000AF78607B68E8
:10DF70001B68FB607B6800221A60FB681846143738
:10DF8000BD4680BC7047B0B582B000AF78603960E4
:10DF90007B683A681A603B681B6810331B683868F6
:10DFA000984702467B685A607B6800221A727B6839
:10DFB0000C3344220021184602F096FE7B68503351
:10DFC00004241D4604E0284600F0CAFA013C5C35F2
:10DFD000002CF8DA7B6803F5077425467B681B681C
:10DFE0001B6814331B687A6812680B211046984727
:10DFF00001467B6803F150020523284601F03AF9F7
:10E0000018347B681B681B6814331B687A681268B5
:10E010000A211046984701467B6803F1AC020523AC
:10E02000204601F027F918347B681B681B681433FD
:10E030001B687A68126809211046984701467B6878
:10E0400003F584720523204601F014F918347B6827
:10E050001B681B6814331B687A6812680821104615
:10E06000984701467B6803F5B2720523204601F00C
:10E0700001F918347B681B681B6814331B687A68C5
:10E08000126807211046984701467B6803F5E07245
:10E090000523204601F0EEF87B6818460837BD4698
:10E0A000B0BD80B483B000AF78607B681B7A18463F
:10E0B0000C37BD4680BC704780B483B000AF786039
:10E0C000054A7B681A607B6800221A717B681846D3
:10E0D0000C37BD4680BC7047705D410080B584B090
:10E0E00000AFF860B9607A603B60FB681846FFF7E4
:10E0F000E3FF204AFB681A60B868FFF791FE02460A
:10E10000FB689A60FB687A68DA60FB683A681A61B3
:10E11000FB6800221A75FB68C8229A61FB6814220A
:10E12000DA61FB68632283F82020FB68002283F811
:10E130002120FB68002283F82220FB6800225A621B
:10E14000FB6828334FF480620021184602F0CCFDB2
:10E15000FB6803F5856300221A605A609A60DA60F2
:10E16000FB680022C3F83824FB6818461037BD4608
:10E1700080BD00BFB46B410080B483B000AF786055
:10E180007B681B7D002B14BF01230023DBB21846E4
:10E190000C37BD4680BC704780B582B000AF786058
:10E1A0007868F4F77FFC00BF0837BD4680BD0000EB
:10E1B00080B584B000AFF860B9607A603B60FB68FE
:10E1C0001846FFF779FF164AFB681A60FB68BA68C1
:10E1D0009A60B868FFF724FE0246FB68DA60B86808
:10E1E000FFF729FE0246FB681A61FB687A685A61EC
:10E1F000FB683A689A61FB680022DA61FB682033A9
:10E2000040220021184602F06FFDFB6800221A66CA
:10E21000FB684C225A66FB6818461037BD4680BD25
:10E22000D46B410080B483B000AF78607B681B6E14
:10E23000002BCCBF01230023DBB218460C37BD46B0
:10E2400080BC704780B584B000AF786039607B686F
:10E250003A68DA617B681B6E002B0CBF0123002338
:10E26000FB73FB7B002B03D007497868F4F7EEFEC5
:10E27000FA7B07F108031146184600F090FFBB68CF
:10E2800018461037BD4680BDA086010080B582B01B
:10E2900000AF78607B681B6E012B0BDD7868F4F7AC
:10E2A00005FF0346002B0FD07B681B6E5A1E7B6850
:10E2B0001A6609E07B681B6E012B05D17B68002282
:10E2C0001A667868F4F71DFF00BF0837BD4680BDA9
:10E2D00080B483B000AF78607B685B6E18460C3703
:10E2E000BD4680BC7047000080B400AF024B1B6885
:10E2F0001846BD4680BC70475402402080B483B0AD
:10E3000000AF786039607B683A681A6000BF0C37EC
:10E31000BD4680BC704780B483B000AF7860396080
:10E320007B683A685A6000BF0C37BD4680BC7047B6
:10E3300080B483B000AF78607B68143318460C3724
:10E34000BD4680BC704780B483B000AF78607B6806
:10E35000283318460C37BD4680BC704780B483B064
:10E3600000AF78607B689B881BB218460C37BD46AF
:10E3700080BC704780B582B000AF78607B68143392
:10E38000184600F049F8034618460837BD4680BDD8
:10E3900080B582B000AF78607B681433184600F017
:10E3A00047F8034618460837BD4680BD80B483B0A1
:10E3B00000AF786087ED000A7B683A68DA6000BFDA
:10E3C0000C37BD4680BC704780B483B000AF786026
:10E3D00087ED000A7B683A681A6100BF0C37BD46BA
:10E3E00080BC704780B483B000AF786039607B68D0
:10E3F0003A681A6000BF0C37BD4680BC704780B4D5
:10E4000083B000AF786039607B683A685A6000BFBB
:10E410000C37BD4680BC704780B483B000AF7860D5
:10E420007B689B6818460C37BD4680BC704700006F
:10E4300080B483B000AF7860034B1B6818460C377C
:10E44000BD4680BC704700BF6802402080B400AF6A
:10E45000024B1B681846BD4680BC704768024020CE
:10E4600080B582B000AF7860F5F7BAF90346184678
:10E470000837BD4680BD000080B582B000AF78602F
:10E480007B6832211846FFF733F9044A7B681A602B
:10E490007B6818460837BD4680BD00BFEC6C410064
:10E4A00080B582B000AF78607B6845211846FFF7E1
:10E4B0001FF9044A7B681A607B6818460837BD4616
:10E4C00080BD00BFC06C410080B582B000AF7860F5
:10E4D0007B682C211846FFF70BF9044A7B681A6009
:10E4E0007B6818460837BD4680BD00BF846C41007C
:10E4F00080B582B000AF78607B6815211846FFF7C1
:10E50000F7F8044A7B681A607B6818460837BD46EE
:10E5100080BD00BF346C410080B582B000AF786030
:10E520007B6828211846FFF7E3F8044A7B681A60E5
:10E530007B6818460837BD4680BD00BF086C4100A7
:10E5400080B483B000AF7860044A7B681A607B684F
:10E5500018460C37BD4680BC704700BF6071410053
:10E5600080B584B002AF78607B681846FFF7E8FF9B
:10E57000124A7B681A607B680433542200211846D3
:10E5800002F0B2FB7B6800229A657B6804330322A9
:10E590000092002200210120FCF7F4F802467B687B
:10E5A0009A657B689B6D002B03D112210448FBF711
:10E5B000D0FC7B6818460837BD4680BD906D410091
:10E5C000186D410080B582B000AF78607B689B6DAC
:10E5D0004FF0FF311846FCF773FC0346012B0CBFCC
:10E5E00001230023DBB218460837BD4680BD80B545
:10E5F00082B000AF78607B68986D00230022002114
:10E60000FCF734F90346012B0CBF01230023DBB2D6
:10E6100018460837BD4680BD80B582B000AF78602F
:10E6200039607B689B6D3A6800211846FCF736FD1F
:10E630000346012B0CBF01230023DBB21846083729
:10E64000BD4680BD80B582B000AF786039607B6820
:10E650009B6D39681846FCF7C1FA0346012B0CBFC5
:10E6600001230023DBB218460837BD4680BD0000F9
:10E6700080B483B000AF7860044A7B681A607B681E
:10E6800018460C37BD4680BC704700BFC4714100BE
:10E6900080B586B002AFF860B9607A603B60FB6815
:10E6A0001846FFF7E5FF154AFB681A60FB68BA6871
:10E6B0005A60FB687A689A60FB683A68DA60FB68BF
:10E6C00000221A61FB6800225A61FB681033019333
:10E6D0007B680093FB683A68B9680948FDF72AF837
:10E6E000FB681B69002B03D117210648FBF731FC9F
:10E6F000FB6818461037BD4680BD00BF386E41002C
:10E70000DDE74000A86D41002DE9F04F83B000AF78
:10E7100078603960796801F11406396800200C4688
:10E720000546204629464FF0000A4FF0000B4FEAFD
:10E73000411B4BEAD06B4FEA401A50465946021B28
:10E7400061EB05034FF000004FF00001990041EA32
:10E750009271900002460B4612EB040843EB050948
:10E760004FF000024FF000034FEAC90343EA587329
:10E770004FEAC80290469946404649464FF47A729D
:10E780004FF0000300F044FE02460B4613461946C4
:10E790003046FDF71DF900BF0C37BD46BDE8F08FD0
:10E7A00080B500AFFDF7F8F900BF80BD80B582B03D
:10E7B00000AF7860FDF744FB02467B685A617B68D6
:10E7C00059687B689A687B68DB68034802F082F8C6
:10E7D00000BF0837BD4680BD106E410080B584B0D3
:10E7E00000AF78607B68002B0AD07B68FB60F8681C
:10E7F000FFF7DCFFFB681B6810331B68F86898475D
:10E8000000BF1037BD4680BD80B483B000AF7860D4
:10E810007B685B6818460C37BD4680BC70470000BB
:10E8200080B582B000AF78600B46FB707B681846FD
:10E83000F5F7A8FE154A7B681A607B68144A5A608F
:10E840007B6800229A607B680022DA607B68FA7835
:10E850001A747B6804225A747B6800229A747B685D
:10E860000022DA747B6800221A757B6800225A75D0
:10E870007B6800229A757B680022DA757B6800222B
:10E880001A767B6818460837BD4680BD706E410019
:10E89000646E410080B483B000AF78607B681B7CFD
:10E8A00018460C37BD4680BC704780B483B000AFBB
:10E8B00078607B689B68002B14BF01230023DBB2C8
:10E8C00018460C37BD4680BC704780B483B000AF9B
:10E8D00078607B681B7D002B0CBF01230023DBB21B
:10E8E00018460C37BD4680BC704780B483B000AF7B
:10E8F00078607B685B69002B0CBF01230023DBB2CF
:10E9000018460C37BD4680BC704780B483B000AF5A
:10E910007860012318460C37BD4680BC704780B52F
:10E9200084B000AF78600B46FB707B68E833FA7800
:10E9300011461846F6F70DFE03461A4607F10C037A
:10E940001146184600F02BFCFB6818461037BD46F0
:10E9500080BD80B584B000AF786039607B680C33CF
:10E9600039681846F6F77AFD03461A4607F10C0394
:10E970001146184600F013FCFB6818461037BD46D8
:10E9800080BD80B483B000AF786039607B683A683E
:10E990001A607B6818460C37BD4680BC7047000083
:10E9A00080B483B000AF7860044A7B681A607B68EB
:10E9B00018460C37BD4680BC704700BF80714100CF
:10E9C00080B584B000AFF860B9607A603B60FB68E6
:10E9D0001846FFF7E5FF0A4AFB681A60FB68181D36
:10E9E0003B687A68B96800F055F8FB6803F5466340
:10E9F000184600F007F8FB6818461037BD4680BD82
:10EA0000E46E410080B582B000AF786078684FF462
:10EA1000807301220549FFF73BFE054A7B681A60B7
:10EA20007B6818460837BD4680BD00BFF06E4100C8
:10EA30000C6F410080B483B000AF786000BF0C372A
:10EA4000BD4680BC704780B582B000AF78607B68FF
:10EA500000221A607B6800225A607B6800229A605C
:10EA60007B680022DA607B6800221A617B680022E2
:10EA70005A617B6800229A617B681C334FF41062F4
:10EA80000021184602F030F97B6818460837BD4669
:10EA900080BD000090B585B000AFF860B9607A60C5
:10EAA0003B60F8684FF4806302222749FFF7F0FDCE
:10EAB000264AFB681A60FB68BA689A61FB687A6844
:10EAC000DA61FB6803F120043B681B6808331B68AC
:10EAD00038689847034619462046F8F7E9FBFB6873
:10EAE00003F50D7340F61C120021184602F0FCF8E5
:10EAF000FB6803F50D731846FFF7A5FFFB680022BE
:10EB0000C3F8502BFB680022C3F8542BFB6803F6B4
:10EB1000583380220021184602F0E6F8FB6803F61D
:10EB2000D83380220021184602F0DEF8FB6800226C
:10EB300083F8582CFB68002283F8592CFB68184690
:10EB40001437BD4690BD00BF206F41003C6F4100AF
:10EB500080B483B000AF786000BF0C37BD4680BC86
:10EB6000704780B483B000AF78607B6893F8593CFD
:10EB700018460C37BD4680BC7047000080B584B095
:10EB800000AFF860B9607A60F8684FF480730122D2
:10EB90000A49FFF77DFD0A4AFB681A60FB68BA68FC
:10EBA0009A61FB687A68DA61FB68002283F82020AA
:10EBB000FB6818461037BD4680BD00BF506F41004E
:10EBC000686F410080B483B000AF786039607B68C3
:10EBD0001B683A689A420CBF01230023DBB2184637
:10EBE0000C37BD4680BC704780B483B000AF7860FE
:10EBF0000B46FB707B68FA781A7400BF0C37BD4671
:10EC000080BC704780B582B000AF78600B46FB7067
:10EC10007B68FA7883F810227B6803F50073FA7832
:10EC20001146184600F010F800BF0837BD4680BDF9
:10EC300080B483B000AF78607B6800221A6000BFA8
:10EC40000C37BD4680BC704780B483B000AF78609D
:10EC50000B46FB707B68FA781A7200BF0C37BD4612
:10EC600080BC704780B582B000AF78607B68543359
:10EC700010220021184602F037F87B6800221A643F
:10EC80007B680022C3F8882000BF0837BD4680BDDE
:10EC900080B483B000AF78607B68D3F888301846C2
:10ECA0000C37BD4680BC704780B483B000AF78603D
:10ECB00039607B683A68C3F8882000BF0C37BD46CE
:10ECC00080BC704780B483B000AF786039607B68E7
:10ECD0001B6C3A689A4205D27A683B6813445433F5
:10ECE0001B7800E0002318460C37BD4680BC7047F7
:10ECF00080B483B000AF786039607B681B6C3A6881
:10ED00009A4205D27A683B68134444331B7800E08A
:10ED1000002318460C37BD4680BC704780B483B0D2
:10ED200000AF786039607B681B6C3A689A4204D205
:10ED30007B683A6853F8223000E0002318460C370D
:10ED4000BD4680BC704780B483B000AF78607B68FC
:10ED5000643318460C37BD4680BC704780B483B01E
:10ED600000AF78600B46FB707B68FA7883F88C20E4
:10ED700000BF0C37BD4680BC704780B483B000AF85
:10ED800078607B6893F88C3018460C37BD4680BCA1
:10ED9000704780B483B000AF78607B68D3F8883068
:10EDA000002B05D07B681B6C002B01D0012300E0F9
:10EDB000002318460C37BD4680BC704780B485B030
:10EDC00000AFF860B9603B601346FB71FB68BA683E
:10EDD0001A60FB683A685A60FB68BA699A60FB6817
:10EDE000FA69DA60FB68FA791A7400BF1437BD4615
:10EDF00080BC704780B483B000AF78600B46FB7076
:10EE00007B68FA781A7400BF0C37BD4680BC704727
:10EE100080B485B000AFF860B9601346FB71FB6841
:10EE2000BA689A60FB68FA791A7400BF1437BD4655
:10EE300080BC704780B483B000AF78607B680022EC
:10EE40001A607B6800221A747B6800225A607B6813
:10EE500000229A607B680022DA6000BF0C37BD4652
:10EE600080BC704780B483B000AF786039607B6845
:10EE70001B683A689A420CBF01230023DBB2184694
:10EE80000C37BD4680BC704780B483B000AF78605B
:10EE90007B681B68002B14BF01230023DBB21846DC
:10EEA0000C37BD4680BC704780B483B000AF78603B
:10EEB0000B46FB707B681B7CFA789A420CBF0123DF
:10EEC0000023DBB218460C37BD4680BC704780B4C7
:10EED00083B000AF78607B681B7C052B03D07B6818
:10EEE0001B7C072B01D1012300E0002318460C37BF
:10EEF000BD4680BC704780B483B000AF78607B684B
:10EF00001B6818460C37BD4680BC704780B483B080
:10EF100000AF78607B68DB6818460C37BD4680BC64
:10EF2000704780B483B000AF78607B689B681846F8
:10EF30000C37BD4680BC704780B483B000AF7860AA
:10EF40007B681B7C072B28D0072B28DC062B22D0C4
:10EF5000062B24DC052B1CD0052B20DC042B16D023
:10EF6000042B1CDC032B10D0032B18DC022B0AD043
:10EF7000022B14DC002B02D0012B02D00FE00B4B34
:10EF80000EE00B4B0CE00B4B0AE00B4B08E00B4B7D
:10EF900006E00B4B04E00B4B02E00B4B00E00B4B8D
:10EFA00018460C37BD4680BC704700BFA86F4100B3
:10EFB000B06F4100B86F4100C06F4100C86F4100A1
:10EFC000D06F4100D86F4100E86F4100F86F4100F9
:10EFD00080B483B000AF78607B68002B04D07B687E
:10EFE000FE2B01D8012300E0002318460C37BD4654
:10EFF00080BC704780B582B000AF78607B685B688A
:10F00000184600F070F8034618460837BD4680BD24
:10F0100080B400AF80231846BD4680BC704780B5E1
:10F0200082B000AF786000F0CEF80346184608378B
:10F03000BD4680BD80B582B000AF786000F0C3F8F7
:10F04000034618460837BD4680BD80B582B000AF84
:10F05000786000F0B8F8034618460837BD4680BD12
:10F0600080B584B000AFF860B9607A6000F0B8F89D
:10F07000034618461037BD4680BD80B582B000AF4C
:10F080007860396000F09FF8034618460837BD469F
:10F0900080BD80B584B000AFF860B9607A6000F0E0
:10F0A00092F8034618461037BD4680BD80B582B041
:10F0B00000AF786000F087F8034618460837BD4671
:10F0C00080BD80B483B000AF786000BF0C37BD4610
:10F0D00080BC704780B483B000AF786000BF0C374D
:10F0E000BD4680BC704780B483B000AF78607B6859
:10F0F0005B6818460C37BD4680BC704780B485B04D
:10F1000000AFF860B9607A60074AFB681A60FB6874
:10F11000BA685A60FB687A689A60FB6818461437C8
:10F12000BD4680BC704700BFAC71410080B582B065
:10F1300000AF78607B689B681B6808331B687A683F
:10F140009268104698477B685B681B6808331B68A9
:10F150007A6852681046984700BF0837BD4680BDA0
:10F1600080B582B000AF78607B685B681B680C3349
:10F170001B687A6852681046984700BF0837BD463A
:10F1800080BD80B483B000AF786039607B683A6836
:10F190001A607B6818460C37BD4680BC704780B447
:10F1A00083B000AF78600B46FB70FB78002B01D07A
:10F1B000002200E001227B681A607B6818460C3749
:10F1C000BD4680BC704780B582B000AF3B1D0021BA
:10F1D0001846FFF7D6FF7B6818460837BD4680BD46
:10F1E00080B582B000AF3B1D01211846FFF7C9FF73
:10F1F0007B6818460837BD4680BD80B483B000AF39
:10F2000078607B6801221A6000BF0C37BD4680BC65
:10F21000704780B483B000AF78607B681B68002BB8
:10F220000CBF01230023DBB218460C37BD4680BC5F
:10F23000704780B483B000AF78607B681B68012B97
:10F240000CBF01230023DBB218460C37BD4680BC3F
:10F250007047000080B483B000AF7860044A7B68D8
:10F260001A607B6818460C37BD4680BC704700BFEB
:10F270004C71410080B584B000AFF860B9607A602D
:10F28000FB70FB681846FFF7E5FF0E4AFB681A6043
:10F29000FB68BA685A60FB687A689A60FB68FA781B
:10F2A0001A73FB6800225A73FB6800229A73FB688A
:10F2B00000221A61FB6800225A61FB681846103769
:10F2C000BD4680BD0472410080B483B000AF786059
:10F2D0007B689B6818460C37BD4680BC704780B47D
:10F2E00083B000AF78607B685B6818460C37BD461A
:10F2F00080BC704780B483B000AF78607B681B69C6
:10F3000018460C37BD4680BC704780B483B000AF50
:10F3100078607B685B6918460C37BD4680BC7047D7
:10F3200080B483B000AF78607B685B7B0133DAB276
:10F330007B685A7300BF0C37BD4680BC704780B4F1
:10F3400083B000AF78607B689B7B0133DAB27B6867
:10F350009A7300BF0C37BD4680BC704780B483B041
:10F3600000AF78607B685A7B7B681B7B9A4234BF16
:10F3700001230023DBB218460C37BD4680BC704722
:10F3800080B483B000AF78607B689A7B7B681B7B1E
:10F390009A4234BF01230023DBB218460C37BD4626
:10F3A00080BC704780B483B000AF78607B685B7BC3
:10F3B00018460C37BD4680BC704780B483B000AFA0
:10F3C00078607B689B7B18460C37BD4680BC7047D5
:10F3D00080B485B000AFF860B9607A60FB68002245
:10F3E0005A73FB6800229A73FB68BA681A61FB685B
:10F3F0007A685A6100BF1437BD4680BC70470B461F
:10F400000146184601F08AB900F000B800F0B2B920
:10F4100053B94AB9002908BF00281CBF4FF0FF317B
:10F420004FF0FF3000F09CB9ADF1080C6DE904CE4F
:10F4300000F006F8DDF804E0DDE9022304B07047CF
:10F440002DE9F04782B00646DDF828E00846B446CC
:10F450000D46002B4ED18A4214466DD9B2FA82F283
:10F4600042B1C2F12003954026FA03F394401D43B4
:10F4700006FA02FC260CA7B2B5FBF6F14FEA1C43D4
:10F4800006FB115543EA054301FB07F0984209D9F1
:10F49000E31801F1FF3580F00381984240F20081CA
:10F4A000023923441B1A1FFA8CFCB3FBF6F006FB4F
:10F4B00010334CEA034C00FB07F363450AD914EB05
:10F4C0000C0C00F1FF3580F0ED80634540F2EA80DE
:10F4D000A444023840EA0140ACEB030C0021BEF129
:10F4E000000F04D02CFA02F30022CEE9003202B061
:10F4F000BDE8F0878B4209D9BEF1000F01D0CEE9FB
:10F5000000610021084602B0BDE8F087B3FA83F13C
:10F51000174600294DD1834202D3B24200F20F8137
:10F52000B6EB070C60EB030301201D46BEF1000F94
:10F53000DDD0CEE900C5DAE7002A00F098801A464F
:10F54000B4FA84F3002B40F0AF800B1B270CA6B25B
:10F550000121B3FBF7F54FEA1C4007FB153340EAE6
:10F56000034306FB05F8984507D9E31805F1FF307A
:10F5700002D2984500F2E8800546A3EB08031FFA83
:10F580008CFCB3FBF7F007FB10334CEA034C06FB93
:10F5900000F3634508D914EB0C0C00F1FF3602D2DE
:10F5A000634500F2CE803046ACEB030C40EA0540E8
:10F5B00095E7C1F120058B4022FA05FC4CEA030CCB
:10F5C00000FA01F426FA05F3E84002FA01F943EAE9
:10F5D00004084FEA1C4206FA01FAB0FBF2F71FFAE0
:10F5E0008CF602FB17004FEA184444EA004407FB7C
:10F5F00006F0A0420AD91CEB040407F1FF3380F0A7
:10F600009C80A04240F29980023F6444241A1FFA71
:10F6100088F3B4FBF2F002FB104443EA044300FB1E
:10F6200006F69E4209D91CEB030300F1FF3480F07B
:10F6300082809E427FD90238634440EA0740A0FBA3
:10F6400009749B1BA3423E46A04664D361D0BEF121
:10F65000000F0AD0BAEB060263EB080303FA05F5C4
:10F66000CA401543CB40CEE9005300213FE7730861
:10F6700043EAC1734A08190C41EA02414FEAC67CC9
:10F680009BB2B2FBF4F02646A04627461F2243EA6F
:10F690000143B1FBF4F1A3EB080341EA004158E751
:10F6A0002946FFE6284615E71A46C3F120019C408B
:10F6B00026FA01F320FA01F190400343270C06FAE1
:10F6C00002FCB1FBF7F0A6B207FB1015190C41EADA
:10F6D000054100FB06F58D423BD9611801D28D42F0
:10F6E00020D8491B0138B1FBF7F5019505FB06F859
:10F6F000019D9BB207FB151143EA0143434526D206
:10F70000E31805F1FF31C6D24345C4D2A91E2344F4
:10F71000C1E7BA459BD2B7EB090664EB0C0401388C
:10F72000A04694E7651B29440238B1FBF7F5019523
:10F7300005FB06F8DCE720467FE71F4666E708463C
:10F74000F4E6A44402382FE7023D234415E701996B
:10F75000A1E7491BB1FBF7F5019505FB06F8C7E7E3
:10F76000704700BF024B0146186800F02DB800BF7B
:10F77000BC014020024B0146186801F077BB00BF76
:10F78000BC01402070B50F4C0E462168054611B9EA
:10F7900001F0F8FA20603146284601F0F3FA431CE4
:10F7A00003D14FF0FF34204670BDC41C24F0030485
:10F7B000A042F8D0211A284601F0E4FA0130F2D133
:10F7C000EFE700BFCC8143202DE9F843CD1C25F0A5
:10F7D000030508350C2D38BF0C25002D064601DB2E
:10F7E000A94204D90C2333600020BDE8F883334FCD
:10F7F00000F066F83B681C463CBB29463046FFF7E4
:10F80000C1FF431C044656D13C68A046B8F1000F26
:10F8100040D1002C49D023684146304604EB03090F
:10F8200001F0B0FA814540D121686D1A2946304671
:10F83000FFF7A8FF013038D023682B4423603B68D2
:10F840005A685ABBC7F800800EE02268521B1ED4CB
:10F850000B2A16D96119A342256018BF5960636845
:10F8600008BF396062514B60304600F02FF804F158
:10F870000B00231D20F00700C21A1CBF1B1AA35047
:10F88000B3E76268A3420CBF3A605A60ECE72346D4
:10F890006468B1E74446D8F80480B7E71A465B6865
:10F8A000A342FBD100235360DEE70C2333603046D4
:10F8B00000F00CF898E70560D6E700BFD081432040
:10F8C000014801F0ACBA00BF14834320014801F0A5
:10F8D000A7BA00BF1483432070B504460D461646F0
:10F8E00045EC104B02F0E0F97EB1C5F30A53C3F1C9
:10F8F0006B03002B09DD1B0503F17F51002001F58F
:10F90000401141EC170B20EE070B70BD000000000A
:10F910002DE9F04F2DED0A8B97B088460E9200220C
:10F92000059012924FF0000A4FF0000B11910A78E7
:10F930002B2A0C4601F101011DD00AD80D2A05D849
:10F94000082AF3D872B10023089384E0202AEDD06E
:10F95000F9E72D2A11D10122611C119108926278D8
:10F96000002A39D10E9BCDF84480002B40F06285EF
:10F970004BEC10AB2BE00022EEE700210891302A7F
:10F9800040F0A180627802F0DF02582A5BD1029336
:10F99000089B019312AB0093894A059813AB11A9F8
:10F9A00001F016FB10F00F05064605D0062D15D107
:10F9B00001340023119408930E9B002B40F03C85EA
:10F9C000089B002BD4D04BEC17ABB1EE470B17B014
:10F9D000BDEC0A8BBDE8F08F0C46D0E7129A3AB125
:10F9E000352114A802F055FA1299059801F010FE7D
:10F9F000013D042D06D8DFE805F014031E21140094
:10FA0000DDE914ABF30548BF4BF0004B2BF000438E
:10FA10001B0D1B05002BCFD101F0D6F9222303606B
:10FA2000CAE7DDE914A3139A23F4801302F23342E8
:10FA300043EA025BE6E7DFF890B1E3E76FF0004BE3
:10FA40004FF0FF3ADEE7013411942378302BFAD0DF
:10FA5000002BB1D001230026069320460996374695
:10FA60000A230578A5F13002092A2ED95549012229
:10FA700001F042F9002839D000202A463B46814651
:10FA80008446652A01D0452A1BD123B9069B03432E
:10FA90003FF468AF0023DDF8448008F101021192C1
:10FAA00098F801202B2A00F081802D2A00F0868012
:10FAB00000210791A2F13001092940F28B80CDF895
:10FAC00044800025A5E00023C5E7082FDCBF099A84
:10FAD00003FB025200F10100D5BF303A03FB06528E
:10FAE0000992A2F1300601371190BAE7119B5A1C16
:10FAF00011925A78002F3CD081463B46A2F130014A
:10FB0000092912D94FF0010CBBE7119B5A1C119225
:10FB10005A780130302AF8D0A2F13103082B00F2D4
:10FB200090848146119C00200346303A00F1010187
:10FB3000079218D089449E460A930A250EF1010CBB
:10FB4000ACEB0302914216DC0A9D20EAE07005440A
:10FB50000133082D03441DDC099A07980A2101FB93
:10FB6000020209920021119A501C11905278084605
:10FB7000C4E73846CEE7BEF1080F04DC099A6A43B1
:10FB80000992E646DAE706FB05FEBCF1100FD8BF86
:10FB90007646F6E70F2DDEBF079A0A2101FB0626FF
:10FBA000E0E74FF000094FF0010C6FE700220792E9
:10FBB00008F10202119298F802207BE70122F6E791
:10FBC000AC734100107241000000F07F119A511C8B
:10FBD00011915278302AF9D0A2F1310108293FF66B
:10FBE00070AFA2F1300E119A0A92114601311191B3
:10FBF0000A78A2F13005092D37D90A9D491B082939
:10FC000044F61F6502DC7545A8BF7546079901B12A
:10FC10006D42002B4ED1069B03437FF4CDAEBCF169
:10FC2000000F7FF49FAE692A27D024DC492A24D014
:10FC30004E2A7FF497AE984911A801F0E7FB0028FF
:10FC40003FF490AE119B1B78282B2DD1934914AA19
:10FC500011A801F0F0FB052826D1159BDDF850A076
:10FC600043F0FF4B4BF4E00BA6E60A2505FB0E2EF6
:10FC7000AEF1300EBAE76E2ADBE7894911A801F030
:10FC8000C5FB00283FF46EAE119B8649013B11A8CD
:10FC9000119301F0BBFB10B9119B01331193DFF8F5
:10FCA00014B24FF0000A87E67F4801F0D1F85BEC10
:10FCB00010AB81E6DDED097AA5EB0902B8EE677BB2
:10FCC000002F08BF1F46102B07921A46A8BF10220C
:10FCD000092B5BEC17AB13DC079900293FF46CAEE2
:10FCE00007996ADD162952DC704B03EBC10393EDD3
:10FCF000007B4BEC16AB27EE067B5BEC17AB5BE6B1
:10FD00006A4901EBC20111ED125B06EE906A0F2BFE
:10FD1000B8EE666BA7EE056B5BEC16ABDCDD079906
:10FD20009A1A0A44002A40F3958022F00F0112F03B
:10FD30000F0250D1B1F59A7F5DDC0A115C494BECA2
:10FD400017AB00260846012A79D117EE902A5BEC02
:10FD500017ABA2F1547B00EBC60292ED007B4BEC9B
:10FD600016AB544A27EE067B17EE901A52480A400B
:10FD700082425BEC17AB3ED8A0F58010824286BF72
:10FD8000DFF838B14FF0FF3A01F1547B30E00798CB
:10FD9000C3F125018142C2DB444AC3F10F0302EBE8
:10FDA000C30191ED007B4BEC16ABC31A02EBC3020F
:10FDB00027EE067B92ED006B9DE71631AFDB3B4BE8
:10FDC000A9EB050503EBC50595ED007B4BEC16ABE8
:10FDD00086EE077B91E7354800EBC20292ED007B8F
:10FDE0004BEC16AB27EE067B5BEC17AB0029A1D1E1
:10FDF000002206929AE00024254609942646059A98
:10FE0000DFF8B0B0222313604FF0000A099B002BEB
:10FE10003FF4D2AD1299059801F0FAFB05983146EE
:10FE200001F0F6FB0598294601F0F2FB09990598C7
:10FE300001F0EEFB0598214601F0EAFBBCE512F06B
:10FE4000010F03D091ED006B27EE067B01365210B7
:10FE5000083178E7CCD05242111112F00F020DD1C7
:10FE60001F292DDD0024254609942646059A2223C4
:10FE70004FF0000A4FF0000B1360C7E70B4800EB90
:10FE8000C20292ED007B4BEC16AB86EE077B5BEC7F
:10FE900017AB0029ACD0E3E71B7241009873410017
:10FEA00012724100157241009573410020754100A6
:10FEB000F87441000000F07F0000A07CFFFFEF7F9E
:10FEC00011F0100218BF6A2206924BEC17ABB64A2B
:10FED000C80703D592ED006B27EE067B491002F1AF
:10FEE0000802F5D1069A5BEC17ABC2B117EE900A87
:10FEF000C0F30A52C2F16B06002E10DD1F2E40F334
:10FF00002881342ED8BFC2F14B028A46DBBF4FF0A6
:10FF1000FF3101FA02F24FF05C7B02EA000B4BEC7E
:10FF200017ABB5EE407BF1EE10FA9BD0099A009228
:10FF300005983A46214601F0D3FB099000283FF48A
:10FF40005AAF079A002AA9EB05039FED93BBA8BF00
:10FF500000230A93002422EAE2730D932546099BAD
:10FF60000598596801F016FB064600283FF447AF94
:10FF7000099B1A694BEC19AB023203F10C01920098
:10FF80000C3000F04EFFB0EE490B059814AA13A9EF
:10FF900001F0FAFE129000283FF431AF05980121DC
:10FFA00001F034FC054600283FF429AF139F069A60
:10FFB000002FABBF0A9B0D9BDDF83480DDF8289045
:10FFC000ACBF07EB0309A3EB0708149BBF1A1F4440
:10FFD000764A013F9742C3F1360380F2CC80D11BB1
:10FFE0001F3A9742A3EB01034FF00102C0F2B78022
:10FFF0008A400C9200220B9209EB03079844069B5F
:020000040041B9
:10000000B94598444B46A8BF3B464345A8BF434625
:10001000002BC2BFFF1AA8EB0308A9EB03090A9B38
:10002000002B18DD294605981A4601F0BBFC054651
:1000300000283FF4E4AE0146129A059801F0FCFB5B
:10004000034600283FF4DBAE129905980F9301F0A8
:10005000DFFA0F9B1293002F00F39180079B002B78
:1000600008DD31460D9A059801F09CFC06460028F3
:100070003FF4C5AEB8F1000F08DD314605984246A1
:1000800001F0ECFC064600283FF4B9AEB9F1000FD0
:1000900008DD294605984A4601F0E0FC054600289F
:1000A0003FF4ADAE12990598324601F065FD044665
:1000B00000283FF4A4AE0023D0F80C80C36029468A
:1000C00001F03EFD002875DA58EA0A0840F09B80EE
:1000D000CBF31303D946002B40F095802BF000435F
:1000E0001B0D1B05B3F1D66F40F28D8063691BB900
:1000F0002369012B40F3878021460122059801F0F6
:10010000ADFC2946044601F01BFD00287BDD284B91
:10011000069A09EA0303002A00F09480B3F1D66F2F
:1001200000F29080B3F15C7F7FF6A0AE9FED1C7B68
:100130004BEC16AB1E4B26EE077B17EE902A1340B6
:100140005BEC17AB002B7FF465AE059A222313609E
:1001500060E64FF0FF31B14001EA0A0ADFE6C7F17D
:100160007F4707F57F0707F57B47E23702FA07F17C
:100170000B910C9240E700220B920122F9E71299B1
:1001800005983A4601F06AFC129000287FF466AFA9
:1001900035E600BFAFF300800000C0FFFFFFDF4186
:1001A0000000000000005039C073410002FCFFFF56
:1001B0000000F07FD9465ED1CBF31303B8F1000FF6
:1001C0002AD0AB4A93422BD1069B5246FBB1A94B96
:1001D0000BEA0303B3F1D46F4FF0FF311AD81B0DB4
:1001E000C3F16B0301FA03F39A4219D1A24B99456B
:1001F00002D101323FF403AE9E4B09EA030303F53B
:10020000801B4FF0000A069B002B8FD102E64FF0B7
:10021000FF33E9E70B46E7E753EA0A033FF477AF1A
:100220000B9BC3B113EA090FEDD0069A504659460D
:10023000B8F1000F13D0FFF74FFB39EE007B5BECFA
:1002400017ABE0E7A3F580136FEA135B6FEA0B5B74
:100250004FF0FF3AD7E70C9B13EA0A0FE4E7FFF7EA
:100260003BFB39EE400BB5EE400BF1EE10FA5BECC8
:1002700010ABC8D1FAE52946204601F0DDFDB0EE0D
:10028000007BB4EEC70BF1EE10FA5DD8B8F1000FA9
:1002900064D1BAF1000F4BD1CBF31303B7EE008B4F
:1002A000002B60D1B4EEC80BB6EE008BF1EE10FA65
:1002B00001D420EE088BB1EE48AB6E4F6F4909EACE
:1002C0000700884253EC1A2B7CD1A9F1547B4BECEC
:1002D0001CABB0EE4C0B0B9001F0E6FCA0EE0ACB91
:1002E0001CEE903A664A0B981F4097425BEC1CABA1
:1002F0003CD919EE902A604B9A4204D119EE103A7B
:1003000001333FF47CADDFF870B14FF0FF3A129942
:10031000059801F07DF90598314601F079F90598C5
:10032000294601F075F90598214601F071F916E6A4
:10033000BAF1010F03D1BBF1000F3FF497ADBFEE4F
:1003400000ABB7EE008BB8E7B6EE008B20EE088B63
:10035000B8F1000FAFD0B0EE48ABAEE7B7EE00ABF0
:10036000B0EE4A8BA9E7BFEE00ABA6E703F1547BE2
:10037000069B002BCBD12BF000431B0DB0EB035F92
:10038000C5D151EC180B02F0AFFC02F07FFCCBF3AF
:10039000130341EC170B43EA0A0353EA080338EE50
:1003A000478B3ED09FED2C7BB4EEC78BF1EE10FA5D
:1003B0003FF530AD9FED2A7BB4EEC78BF1EE10FA1E
:1003C000A5DD27E50699E1B1B0F1D46F19D8B4EEF7
:1003D000CB8BF1EE10FA11D8BCEEC88B18EE103AA8
:1003E000012B38BF012308EE103AB8EE488BB8F164
:1003F000000F13D1B1EE487B53EC172B03F1D661FC
:100400000B1AB0EE490B43EC1A2B0B9001F04CFC8D
:100410000B98AAEE009B5BEC19ABA9E7B0EE487B0A
:10042000EAE79FED117BB4EEC78BF1EE10FA7FF592
:100430006EAFEFE4002308930E9A119B1360FFF751
:10044000BFBA652A3FF4ADAB452A3FF4AAAB4FF0E3
:10045000010CFFF7E0BB00BF9535A094FFFFDF3F25
:1004600035E5AF350000E03F9535A094FFFFCF3F65
:10047000FFFF0F000000F07FFFFFEF7F0000E07F35
:10048000FFFF9F7C0000000010B5214C214B0A4665
:1004900001462068FFF73CFAB4EE400BF1EE10FA8B
:1004A000B0EE407B0DD717EE903A002B1A4804DAD5
:1004B00000F0D6FCB1EE400A10BDBDE8104000F0DF
:1004C000CFBCB7EEC00BDFED156AB0EEC06AB4EE7C
:1004D000666AF1EE10FA08DDB0EEC76B9FED0A5BBD
:1004E000B4EE456BF1EE10FA0ADD10EE103A13F09F
:1004F000FF4FE1D117EE902A094B1340002BDBD0C0
:10050000236822221A60D7E7FFFFFFFFFFFFEF7F7C
:10051000BC0140205000402095734100FFFF7F7FC9
:100520000000F07F242B2DE9F047884601D8012BED
:1005300006D100F049FC162303600020BDE8F087D7
:10054000344E0D46294615F8014B375D17F0080764
:10055000F8D12D2C10D12C7801278D1C33F01001EF
:1005600015D1302C0DD1297801F0DF01582908D19F
:100570006C78023510230AE02B2C04BF2C788D1CDC
:10058000ECE7002BF6D1302C14BF0A23082307F127
:10059000004E0EF1FF3E0021BEFBF3F90E4603FBB9
:1005A00019EAA4F1300CBCF1090F10D86446A3423B
:1005B0001EDDB1F1FF3F07D0B14516D301D1A245F1
:1005C00013DB06FB0346012115F8014BE9E7A4F113
:1005D000410CBCF1190F01D8373CE8E7A4F1610CDC
:1005E000BCF1190F04D8573CE1E74FF0FF31EBE7BE
:1005F0004B1C05D122230360764632B930469DE775
:1006000007B17642002AF9D009B105F1FF38C2F8E6
:100610000080F3E7E973410013460A4601460248A9
:100620000068FFF77FBF00BFBC0140202DE9F04309
:10063000344E86460D46284615F8014B375D17F0B7
:100640000807F8D12D2C10D12C780127851C33F008
:10065000100015D1302C0DD1287800F0DF0058287B
:1006600008D16C78023510230AE02B2C04BF2C78BB
:10067000851CECE7002BF6D1302C14BF0A2308238D
:100680004FF0FF380026B8FBF3F803FB08F96FEAD8
:1006900009093046A4F1300CBCF1090F10D86446AA
:1006A000A3421EDDB6F1FF3F07D0804516D301D12E
:1006B000A14513DB00FB0340012615F8014BE9E7D8
:1006C000A4F1410CBCF1190F01D8373CE8E7A4F1C3
:1006D000610CBCF1190F04D8573CE1E74FF0FF362D
:1006E000EBE7731C06D12223CEF80030304632B936
:1006F000BDE8F08307B14042002AF9D006B1691E77
:100700001160F5E7E973410013460A4601460248C5
:100710000068FFF78BBF00BFBC01402010B5054C3F
:1007200013462CB10A4601460220AFF3008010BDEB
:100730002046FCE700000000034B1B5C03F00303B2
:10074000022B08BF20387047E9734100002310B521
:100750000446C0E90033C0E9043383608181436605
:10076000C2818361194608225C3000F0BDFA0D4B4E
:1007700063620D4BA3620D4BE3620D4B23630D4B84
:1007800024629C4206D003F16802944202D0D03326
:100790009C4205D104F15800BDE8104000F03EBB7A
:1007A00010BD00BF3D0B41005F0B4100970B4100A6
:1007B000BD0B4100D4814320024A0349034800F0A5
:1007C0006BB800BF44004020ED254100C00140202F
:1007D00041680C4B994210B5044601D001F006FF68
:1007E000A168094B994202D0204601F0FFFEE16862
:1007F000064B994204D02046BDE8104001F0F6BEF9
:1008000010BD00BFD48143203C824320A4824320FA
:1008100010B50A4B0A4A1A600A4800220421FFF761
:1008200095FF094801220921FFF790FFBDE810401C
:10083000064802221221FFF789BF00BF0C83432024
:10084000B9074100D48143203C824320A482432045
:10085000014800F0E4BA00BF15834320014800F0CE
:10086000DFBA00BF1583432010B50446FFF7F0FF41
:10087000236A1BB1BDE81040FFF7F0BF044B2362B1
:10088000044B1B68002BF5D1FFF7C2FFF2E700BF56
:10089000D10741000C8343202DE9F8438046894667
:1008A00014460026D4E90175013F05D52468002CC3
:1008B000F8D13046BDE8F883AB89012B07D9B5F9EB
:1008C0000E30013303D029464046C84706436835F9
:1008D000EAE700000FB407B5064904AB086853F80F
:1008E000042B8168019301F04DFB03B05DF804EB2C
:1008F00004B07047BC014020024B01461868826872
:1009000001F0F9BEBC014020036A70B58468054659
:100910000E460BB9FFF7A8FF636EDB0705D4A3896A
:10092000980502D4A06D00F07AFAA389190702D5C0
:100930002369002B35D12146284600F081F980B388
:100940004FF0FF35636EDA0705D4A3899B0502D407
:10095000A06D00F065FA284670BD002B04DAA2698C
:10096000934217DB0A2915D023685A1C226019709C
:10097000A36816F8011F013BA3600029EDD18B424B
:1009800011DA22460A21284600F01CF90130D7D09E
:100990000A25D7E72246284600F014F90130E7D1AE
:1009A000CEE7013EE4E723685A1C22600A221A704F
:1009B000EEE70000024B01461868FFF7A5BF00BF35
:1009C000BC014020B1FA81F252094FF48063520019
:1009D00000F000B82DE9F7431D46574B1F68044649
:1009E0000E46904627B13B6A13B93846FFF73CFFE5
:1009F000B8F1020F06D0B8F1010F00F29A80002D75
:100A0000C0F29780636ED90705D4A3899A0502D4F2
:100A1000A06D00F004FA2146384601F0E7FD616B55
:100A200041B104F14403994202D0384600F01EFA65
:100A3000002363630023A3616360A3891B0603D5BE
:100A40002169384600F012FAA38923F44A6323F09F
:100A50000303B8F1020FA38161D001AB6A462146BE
:100A6000384601F0EBFDA3891843A0812DBB009D02
:100A70002846FEF777FE0646002852D1DDF80090A2
:100A8000A94540D14FF0FF35B4F90C3043F00202D4
:100A9000A2810022A26004F14702226022610122A9
:100AA0006261626ED60704D4980502D4A06D00F08E
:100AB000B7F9284603B0BDE8F083002ED8D03B6AD2
:100AC00013B93846FFF7D0FEB8F1010F08BFA3896C
:100AD000266004BF43F00103A381B4F90C3013F086
:100AE0000802C4E904651ED0D90741BF00226D4247
:100AF000A260A56158BFA560626ED20701D49B05B4
:100B000013D50025D5E74846FEF72CFE06460028FB
:100B1000B8D0A38943F08003A3814D46CFE70025D9
:100B2000B2E7A946F5E7A260E6E7A06D00F078F924
:100B3000E7E74FF0FF35BCE7BC01402010B50C469D
:100B4000B1F90E1000F00CF90028ABBF636DA3895A
:100B50001B1823F48053ACBF6365A38110BD2DE93E
:100B6000F0411F468B89DB0505460C46164605D528
:100B7000B1F90E100223002200F0E0F8A389B4F9C5
:100B80000E1023F48053A38132463B462846BDE82D
:100B9000F04100F007B910B50C46B1F90E1000F0A5
:100BA000CDF8B4F90C30421C0BBF23F4805343F44E
:100BB0008053A381A38118BF606510BDB1F90E10E9
:100BC00000F0ACB8F8B505460F46144618B1036AF4
:100BD0000BB9FFF749FEA369A360A3891A0701D5E2
:100BE000236943B92146284600F02AF818B14FF08E
:100BF000FF363046F8BD23692068C01A6369834216
:100C000005DC2146284601F0F1FC0028EFD1A3685D
:100C1000013BA36023685A1C22601F706369013086
:100C20008342FEB204D0A389DB07E2D50A2EE0D1CD
:100C30002146284601F0DAFC0028DAD0D7E7000088
:100C400038B5284B054618680C4618B1036A0BB92D
:100C5000FFF70AFEB4F90C30190720D4DA0607D4DE
:100C600009222A6043F04003A3814FF0FF3031E0B6
:100C7000580711D5616B41B104F14403994202D088
:100C8000284600F0F3F8002363630022A389626022
:100C90002269226023F0240343F00803A38123691F
:100CA0004BB9A38903F42073B3F5007F03D0214629
:100CB000284601F0E7FCB4F90C3013F001020AD029
:100CC0000022A26062695242A261226942B913F015
:100CD0008000C7D138BD990758BF6269A260F4E7A8
:100CE0000020F7E7BC01402002440346934200D1B4
:100CF000704703F8011BF9E710B56AB10139841890
:100D0000027811F8013F9A4204D10130A04201D08B
:100D1000002AF5D1D01A10BD1046FCE738B5064CB4
:100D20000023054608462360F5F730FB431C02D13B
:100D3000236803B12B6038BD1083432038B5074CBE
:100D4000054608461146002222601A46F5F742FB86
:100D5000431C02D1236803B12B6038BD10834320AC
:100D600038B5074C054608461146002222601A464F
:100D7000F5F79DFB431C02D1236803B12B6038BDFE
:100D80001083432038B5064C0023054608462360EF
:100D9000F5F7D0FA431C02D1236803B12B6038BDAC
:100DA0001083432038B5074C0546084611460022FB
:100DB00022601A46F5F750FB431C02D1236803B1A9
:100DC0002B6038BD10834320014B1868704700BF6B
:100DD000BC01402070B50D4B0D4C00261D1BB6EB21
:100DE000A50F09D106F000FC0A4C0B4B00261D1B79
:100DF000B6EBA50F05D170BD54F8043B98470136FA
:100E0000EDE754F8043B98470136F1E7F4754100EB
:100E1000F4754100F4754100FC754100704770475E
:100E200070470A44914200F1FF3300D1704710B57A
:100E300011F8014B03F8014F9142F9D110BD03465F
:100E400013F8012B002AFBD1181A01387047000053
:100E50009FED010B704700BF000000000000F87F0D
:100E60009FED010A704700BF0000C07F37B5002921
:100E700044D051F8043C0190002BA1F10404B8BF08
:100E8000E418FEF71DFD1E4A0198136833B963602C
:100E9000146003B0BDE83040FEF718BDA34208D986
:100EA000256861198B4201BF19685B684919216087
:100EB000EDE71A465B680BB1A342FAD911685518E1
:100EC000A5420BD1246821445418A3421160E0D1FB
:100ED0001C685B6853600C441460DAE702D90C2389
:100EE0000360D6E7256861198B4204BF19685B6807
:100EF000636004BF491921605460CAE703B030BD84
:100F0000D08143200369B3EB611F2DE9F0434FEA21
:100F1000611200F1140443DD11F01F0104EB830C96
:100F200004EB82050CD100F110062946614532D34D
:100F30009B1A9B00033DAC4538BF0023234414E0BB
:100F400054F82260C1F12008CE4005F1040EA146FC
:100F5000F44515D89A1A9200043A0135AC4538BFC9
:100F60000022A318A65006B104331A1BA3424FEA6D
:100F7000A20208BF0023026108BF4361BDE8F083FD
:100F8000DEF8007007FA08F7374349F8047B5EF88B
:100F9000046BCE40DCE751F8047B46F8047FC5E7DC
:100FA0002346E2E7A0F13003092B02D82038C0B273
:100FB0007047A0F16103052B01D84738F7E7A0F18E
:100FC0004103052B01D82738F1E7002070470000C6
:100FD0002DE9F04F85B00F4602930B6801909146C2
:100FE0009C1C20783028A04604F10104F9D0A8EB1D
:100FF0000303A3F1020BFFF7D5FF8246002838D187
:101000009F4901224046FFF777FE0546002863D13D
:1010100098F801002646FFF7C5FF00285ED020782B
:101020003028A04604F10104F9D0FFF7BBFFB0FA65
:1010300080F4640935464FF0010BC24656460AF16A
:10104000010A3078FFF7AEFF0028F7D18C49012262
:101050003046FFF751FE78B945B9554656460AF174
:10106000010A3078FFF79EFF0028F7D1AD1BAD00D5
:1010700004E000242546E0E7002DF7D1337803F0A3
:10108000DF03502B37D173782B2B29D02D2B2BD06E
:10109000711C4FF0000A0878FFF784FF431EDBB293
:1010A000182B28D8A0F1100211F8010FFFF77AFFD2
:1010B000431EDBB2182B1AD9BAF1000F00D05242EE
:1010C00015443960CCB1BBF1000F0CBF06270027D7
:1010D000384605B0BDE8F08F464655460124CDE7B9
:1010E0004FF0000AB11CD6E74FF0010AFAE70A23D5
:1010F00003FB0200D6E73146E3E7A6EB0803013B1A
:101100002146072B0ADC019800F044FA044640B956
:101110005C4B0246E4215C4801F09AFB01315B1014
:10112000EFE700F1140A002357469B46B04537D33A
:1011300047F804BBA7EB0A07BB102361584600F031
:1011400019FBD9F80060C0EBC707B74254DDBF1BDD
:101150003946204600F0C0FE804678B17B1E59110A
:1011600003F01F025AF821104FF0010808FA02F2AA
:101170000A4203D0434536DC4FF002083946204688
:10118000FFF7C0FE3D44D9F80830AB4242DA01987F
:10119000214600F03DFA0E9A00231360A32797E73B
:1011A00016F8012D2E2A12D0202B04D147F804BBAB
:1011B0004FF0000B5B4630780393FFF7F3FE039B81
:1011C00000F00F0098404BEA000B0433AEE7B04547
:1011D000EAD82B49039301223046FFF78DFD039B8C
:1011E0000028E1D1A2E7B91E204600F075FE0028D4
:1011F000C2D04FF00308C1E709DAF71B2146019876
:101200003A4600F02BFCED1B044600F1140A4FF0A7
:101210000008B8E7D9F80430AB426FDD5D1BAE4281
:1012200034DCD9F80C30022B22D0032B24D0012B34
:1012300015D1AE4213D1012E0BD1029AD9F8043048
:10124000136001232361CAF800300E9B62271C60E3
:101250003EE7711E204600F03FFE0028EDD10198C8
:10126000214600F0D5F90E9A0023136050272FE78E
:101270000F9B002BF3D1E0E70F9B002BDDD1EEE7B6
:101280001072410026724100377241006F1EB8F1A2
:10129000000F30D127B13946204600F01DFE8046B0
:1012A0007A1101235AF8222007F01F07BB4013428E
:1012B0002946204618BF48F00208761BFFF722FE99
:1012C000D9F804500227B8F1000F42D0D9F80C30F9
:1012D000022B15D0032B17D0012B09D118F0020FC8
:1012E00006D0DAF8003048EA030818F0010F0ED1F2
:1012F00047F010072DE04FF00108D1E70127E2E7A2
:101300000F9BC3F101030F930F9B002BF0D0D4F878
:1013100010A004F1140303EB8A0100201A68B2F153
:10132000FF3F1BD001321A60022F04F114033CD19D
:10133000D9F80020013AB24209D17111012253F8C3
:10134000213006F01F0602FA06F61E423AD147F097
:1013500020070E9B1C60029B1D60B9E643F8040B3E
:101360009942DBD8A3689A4517DB6168019801317F
:1013700000F010F9804618B91A4B02468421CAE6DB
:101380002269023204F10C0192000C30FFF749FD92
:101390002146019800F03CF9444623695A1C04EBAD
:1013A0008303226101225A61BEE7226952450BDDA7
:1013B00001212046FFF7A6FDD9F808300135AB42E0
:1013C000FFF6E5AE0127C2E716F01F06FAD003EBE1
:1013D0008A03C6F1200653F8040C00F0CBF9B042A2
:1013E000E6DBEFE726724100C2F10802920070B519
:1013F000C2F120064368046803FA06F52C43D34083
:10140000046040F8043F8842F4D370BD30B50368EF
:101410000139013311F8014F14B90360012030BDC7
:1014200013F8012BA2F14105192D98BF2032A242D9
:10143000F0D00020F3E72DE9F04F0B6887B05E1184
:10144000029013F01F0302EB86060193029B18BF64
:1014500004360025371F196846F8045C9046B946E3
:101460003C46AB46AA464A784B1C039332B310461F
:1014700005910492FFF796FD002851D1049A059931
:10148000202A16D8DA4512DD4C4506D2072D04DC99
:101490002A4649462046FFF7A7FF444553D9002373
:1014A000A4F1040944F8043CD3464C461D46039974
:1014B000D9E7292A59D1029B02311960BAF1000FEC
:1014C00053D04C4506D2072D04DC2A464946204617
:1014D000FFF78AFF444538D9A8F10402234653F8A0
:1014E000041B42F8041F9F42F9D23B1B23F0030365
:1014F0000134033EB44288BF002308F104021344C0
:1015000000211A4604339F421160FAD23B681BB98E
:10151000474528D101233B60052007B0BDE8F08F87
:101520000135082D0AF1010A06DD4445BFD9002323
:1015300044F8043C0125043C226800F00F0040EA16
:1015400002102060B3E70825B1E7019B002BDDD036
:10155000C3F120034FF0FF32DA4056F8043C134049
:1015600046F8043CD2E7043FD0E70420D5E782B038
:1015700001B901A942B14BB113780B601278101E6A
:1015800018BF012002B070471046FBE76FF0010062
:10159000F8E7000070B5C46905460E4684B910200E
:1015A000FEF7E0F80446E86128B90246164B1748F2
:1015B0006B2101F04DF90023C0E901330360C360E2
:1015C000E36853B921220421284601F05FF9EB6951
:1015D000E060DB680BB9002070BD53F8260030B125
:1015E000026843F826200023C0E90333F4E7012111
:1015F00001FA06F4621D9200284601F047F900281E
:10160000E9D0C0E90164EEE7A7724100BE72410073
:1016100070B5C46906460D4674B91020FEF7A2F8ED
:101620000246F06120B9094B09488F2101F010F9F9
:10163000C0E901440460C4603DB1F3696A68DB68D5
:1016400053F82210296043F8225070BDA772410060
:10165000BE7241002DE9F0410D6907460C461E4659
:1016600001F1140C0020DCF8003099B202FB01619A
:101670001E0C0B0C02FB063389B2013001EB034157
:1016800085424CF8041B4FEA1346ECDC0EB3A3680A
:10169000AB4219DC616838460131FFF77BFF8046B9
:1016A00028B902460C4B0D48BA2101F0D1F8226945
:1016B000023204F10C0192000C30FFF7B2FB21461C
:1016C0003846FFF7A5FF444604EB850301355E610C
:1016D00025612046BDE8F08126724100BE724100BE
:1016E0002DE9F843884614461F460922083306466A
:1016F00093FBF2F3002101229A4209DB3046FFF707
:1017000049FF40B90246194B1948D32101F0A0F80E
:1017100052000131F0E7089B4361092C4FF00103AF
:10172000036108DC08F10A050924641B2B199F4298
:1017300012DCBDE8F88308F10905A946A04419F8B0
:10174000013B0146303B0A223046FFF783FFC1458B
:10175000F5D12544083DE8E715F8013B0146303B4B
:101760000A223046FFF776FFE0E700BF267241000D
:10177000BE724100B0F5803F034636BF030400202F
:101780001020B3F1807F3CBF1B020830B3F1805FB3
:101790003CBF1B010430B3F1804F3CBF9B000230C3
:1017A000002B04DB5B0001D501307047202070471F
:1017B000036813F0070201460BD0DA0722D498071A
:1017C00049BF5B089B0801200B605CBF0B600220D7
:1017D000704798B2A0B91B0C1020DAB20AB90830D1
:1017E0001B0A1A0704BF1B0904309A0704BF9B0891
:1017F0000230DA0702D45B0806D001300B60704774
:101800001046EAE7002070472020704710B50C46CC
:101810000121FFF7BFFE024628B9054B054840F2FB
:10182000451101F015F801234461036110BD00BFAB
:1018300026724100BE7241002DE9F04FD1F81080B0
:10184000D2F81090C84585B00E46144604DB4B46CE
:101850000C46C14616469846A368616809EB08071E
:10186000BB42B8BF0131FFF795FE30B902464B4B82
:101870004B484FF4B17100F0EBFF00F1140505EB9C
:10188000870B2B4600225B4522D306F1140101EBA6
:10189000880304F1140C0CEB890C029304F115037A
:1018A00063458CBF002301230093ACEB0403153B7D
:1018B0009B080193029B03918B420CD8002F03DD00
:1018C0005BF8043D002B67D0076105B0BDE8F08FE1
:1018D00043F8042BD7E7B1F800A0BAF1000F28D0E5
:1018E00004F11408A9464FF0000E58F8042BD9F85B
:1018F000003096B29BB20AFB0633D9F80060120C96
:10190000360C73440AFB026606EB13469BB243EAAD
:101910000643C44549F8043B4FEA164EE5D8009A01
:10192000019B002A4FEA830308BF00232B44C3F81E
:1019300004E0039BB3F802E00431BEF1000F29D0AC
:101940002B6804F114069846A9464FF0000A328825
:101950000EFB02A202EB18429BB243EA024349F893
:10196000043B56F8043BD9F800804FEA134A1FFAAB
:1019700088F30EFB0A3303EB1243B4454FEA134AD4
:10198000E5D8009E019A002E4FEA820208BF00228D
:101990002A44536004358DE7013F8FE726724100EA
:1019A000BE7241002DE9F843174612F0030280464B
:1019B0000D4607D0264C013A002354F82220FFF7A9
:1019C00049FE0546BF103FD0D8F81C4094B91020FE
:1019D000FDF7C8FE0446C8F81C0030B902461D4B8E
:1019E0001D4840F2B31100F033FF0023C0E901337A
:1019F0000360C360A66846B940F271214046FFF714
:101A000005FF0023A060064603602C464FF0000946
:101A100007F001037F1053B1294632464046FFF7D5
:101A20000BFF214605464046FFF7F2FD67B13068DF
:101A300038B9324631464046FFF7FEFE3060C0F806
:101A4000009006462C46E3E72846BDE8F88300BF31
:101A5000EC744100A7724100BE7241002DE9F84FBD
:101A60000C4649682669A36806EB6216074691464C
:101A70004FEA621A06F1010843450BDB3846FFF7CF
:101A800089FD054648B902462B4B2C484FF4EF71AF
:101A900000F0DEFE01315B00EEE700F114010023EF
:101AA0000A461846534539DB20692AEAEA7A01EBEF
:101AB0008A0104F1140319F01F098C4603EB80001E
:101AC00030D0C9F1200A4FF0000E1A68E34602FA3E
:101AD00009F242EA0E02CBF8002053F8042B984298
:101AE0000CF1040C22FA0AFEEFD8031B153B23F07D
:101AF000030304F11502904238BF00231944C1F8D2
:101B000004E0BEF1000F00D1B0463846C5F81080A1
:101B10002146FFF77DFD2846BDE8F88F42F8040B0B
:101B20000133BFE753F8041BCCF8001098420CF1C6
:101B3000040CF7D8E8E700BF26724100BE724100EE
:101B400003690A699B1A30B50ED11430143100EBC9
:101B5000820401EB820154F8045D51F8042D954292
:101B600004D006D24FF0FF33184630BDA042F2D366
:101B7000FAE70123F8E700002DE9F74F8A46064609
:101B8000114650461446FFF7DBFF051E12D12946C9
:101B90003046FFF7FFFC024628B9414B40F237219F
:101BA000404800F055FE0123C0E90435104603B05B
:101BB000BDE8F08FBCBF5346A2463046DAF80410A9
:101BC000BABF1C4601250025FFF7E4FC024618B900
:101BD000334B40F24521E3E7DAF810702669C5601F
:101BE0000AF1140904F1140E00F114050AF11003AE
:101BF00009EB87080EEB86060193AB464FF0000C0D
:101C0000019B5EF8040B53F804AF01931FFA8AF1AD
:101C100083B2CB1A000C6344C0EB1A4000EB2340A4
:101C20009BB243EA004376454BF8043B4FEA204C15
:101C3000E6D8331B153B153423F00303A64238BF07
:101C40000023E8184B441C1D04302646A5EB09056B
:101C500046450ED308F10301091B21F003010133AE
:101C6000984538BF0021014451F8043DABB11761DC
:101C70009CE706EB050E56F8041BE2464FEA1149B5
:101C80001CFA81FC514409EB2C4989B241EA094113
:101C90004FEA294CCEF80010DAE7013FE4E700BF35
:101CA00026724100BE72410082B08DED000B019A98
:101CB0000F4B1340A3F15073002B08DC5B42B3F1D0
:101CC000A07F4FEA235204DA4FF40023134100228D
:101CD00008E0A2F114031E2BDABF4FF00042DA40F5
:101CE000012200231946104641EC100B02B0704748
:101CF0000000F07FF8B5056900F1140606EB8505D4
:101D00002F1F55F8044C2046FFF734FDC0F1200387
:101D10000A280B6016DCC0F10B0C24FA0CF1BE4251
:101D200041F07F5334BF55F8081C0021153004FAE8
:101D300000F021FA0CF143F4401301430A4643EC4E
:101D4000102BF8BDBE423ABF55F8081CA5F1080794
:101D500000210B3812D0C0F1200521FA05F3844090
:101D60001C43B74244F07F538CBF57F8044C002407
:101D70008140EC4043F440132143DFE744F07F53BC
:101D800043F44013DAE700002DE9F7430F46012141
:101D900059EC108B1646FFF7FDFB054630B902469D
:101DA000234B244840F20F3100F052FDC9F30A548E
:101DB000C9F313030CB143F480130193B8F100038A
:101DC00023D068460093FFF7F3FC0099D8B1019A3D
:101DD000C0F1200302FA03F30B43C2406B6101928E
:101DE000019BAB61002B0CBF012202222A61A4B12E
:101DF000A4F2334404443C60C0F13500306028460E
:101E000003B0BDE8F0836961EAE701A8FFF7D0FC01
:101E1000019B6B6120300122E8E705EB8203A0F211
:101E2000324038601869FFF7A5FCC0EB4210E5E7C7
:101E300026724100BE724100F7B50E46694607465C
:101E4000FFF758FF01A9304655EC104BB0EE407B30
:101E5000FFF750FF33693A69D21ADDE900369B1B60
:101E600003EB4213002BCCBF17EE902A10EE902A02
:101E700051EC100BD6BFC3EB033302EB035502EB5F
:101E8000035145EC174B41EC160B87EE060B03B0E4
:101E9000F0BD013970B549111469013102F1140323
:101EA00000EB810103EB8404051FA3420CD3A31AAA
:101EB000113B23F003031132944238BF002318442E
:101EC0000023884205D370BD53F8046B45F8046FB6
:101ED000EBE740F8043BF4E700F1140200694B1112
:101EE000984210B511DB0ADD11F01F0107D052F83E
:101EF000234024FA01F000FA01F18C420BD102EBED
:101F00008303934203D8002010BD0346F7E753F83C
:101F1000041D0029F5D00120F6E749B1FF2A85BF4D
:101F20008A2303600A704FF0FF3098BF012070478A
:101F3000084670479368013B002B10B4936007DAA2
:101F40009469A34201DB0A2902D110BCFEF73ABE14
:101F50001368581C10601970084610BC7047F8B51B
:101F600006460F461446D518AC4201D1002007E0C2
:101F700014F8011B3A463046FFF7DCFF431CF3D14F
:101F8000F8BD00002DE9F04706469CB00D4614460A
:101F90001F4618B1036A0BB9FEF766FC6B6ED907D2
:101FA00005D4AB899A0502D4A86DFEF738FFAB893A
:101FB0001B0701D52B699BB929463046FEF740FE29
:101FC00070B16B6EDE0704D54FF0FF301CB0BDE87A
:101FD000F087AB899C05F7D4A86DFEF721FFF3E7E6
:101FE0000023099320238DF82930039730236A4F6B
:101FF0008DF82A304FF0010823461A7899461AB115
:10200000252A03F10103F8D1B9EB040A0BD053469A
:10201000224629463046FFF7A2FF013000F0A38098
:10202000099A5244099299F80030002B00F09B80E5
:1020300000224FF0FF33CDE9053209F10109049286
:1020400007928DF853201A924C46052214F8011B72
:10205000514800F0ADFB049AD0B9D00644BF20230C
:102060008DF85330110744BF2B238DF8533099F866
:1020700000302A2B13D007994B4600204FF00A0C52
:102080001A78303A092A1C464AD9A8B1079113E0B8
:10209000C01B08FA00F010430490A146D4E7039B4C
:1020A000191D1B680391002BBBBF5B4242F002026B
:1020B00007930793B8BF049223782E2B0AD1637835
:1020C0002A2B32D1039B1A1D1B68039243EAE37348
:1020D00002340593DFF8D09021780322484600F0BF
:1020E00067FB38B1049BA0EB0900402282401343F8
:1020F00001340493217829488DF82810062200F035
:1021000057FB00283ED0264818BB039B073323F01B
:10211000070308330393099B0344013409936BE7D6
:1021200001330CFB01210120AAE700230593611C68
:1021300018464FF00A0C0A78303A092A0C4603D99F
:10214000002BC7D00590C5E701310CFB002001230F
:10215000F1E703AB00932A46124B04A93046AFF3D4
:102160000080431CD7D16B6ED90705D4AB899A0583
:1021700002D4A86DFEF754FEAB895B063FF524AF91
:10218000099823E703AB00932A46064B04A930467F
:1021900000F082F8E5E700BF27734100317341008A
:1021A000000000005F1F41002D7341002DE9F04742
:1021B000914698468A680B69089E9342B8BF1346B9
:1021C000C9F8003091F8432007460C4612B101339C
:1021D000C9F800302368990642BFD9F800300233AD
:1021E000C9F80030256815F0060507D104F1190A71
:1021F000E368D9F800209B1AAB4229DC94F84330FD
:102200002268003B18BF012392062ED404F143023A
:1022100041463846B047013021D02368A168226981
:1022200003F00603042B01BFE568D9F80030ED1A6E
:1022300025EAE57518BF00258B1A2B449142C8BFCB
:102240001D464FF000091A344D451AD1002008E010
:102250000123524641463846B047013003D14FF082
:10226000FF30BDE8F0870135C2E7E1185A1C302085
:1022700081F84300224494F8451082F84310023359
:10228000C4E70123224641463846B0470130E6D034
:1022900009F10109D8E700002DE9F04398460B7ECB
:1022A00085B0782B174606460C9A0C4609D8622B47
:1022B00001F1430108D8002B00F0DC80582B00F01E
:1022C000BD8004F1420539E0A3F163001528F8D878
:1022D00001A555F820F000BF3123410045234100FE
:1022E000C3224100C3224100C3224100C322410056
:1022F00045234100C3224100C3224100C3224100C3
:10230000C3224100552441007123410003244100B0
:10231000C3224100C32241007D244100C322410069
:1023200071234100C3224100C32241000B2441001C
:102330001368191D1B68116004F1420584F84230CE
:102340000123A8E013682568181D1060280601D530
:102350001B6803E06A06FBD5B3F90030002B03DAF3
:102360002D225B4284F84320DFF878C10A2213E073
:102370002568106815F0800F50F8043B02D16D06F7
:1023800048BF9BB21060227EDFF858C16F2A5DD132
:102390000822002084F843006568A560002D05DB55
:1023A00020681D4320F00400206051D00D46B3FB8F
:1023B000F2F002FB103E9A421CF80EE005F801ED27
:1023C0000346F4D9082A0BD12368DA0708D5236914
:1023D00062689A42DEBF302305F8013C05F1FF3503
:1023E000491B2161CDF800803B4603AA21463046B7
:1023F000FFF7DCFE013053D14FF0FF3005B0BDE8F0
:10240000F083236843F020032360DFF8DCC07823E7
:1024100084F845302068156810F0800F55F8043BAB
:1024200003D110F0400F18BF9BB21560C50744BF21
:1024300040F02000206023B11022AAE7DFF8A4C0FA
:10244000E6E7226822F020022260F5E70A22A0E7F0
:102450000D46B7E71368D4F800C060691D1D15600C
:102460001CF0800F1B6801D0186003E01CF0400FC7
:10247000FAD01880002323610D46B3E71368191DB5
:1024800011601D6862680021284600F091F908B1CA
:10249000401B606063682361002384F84330A1E738
:1024A00023692A4639463046C0470130A4D0236804
:1024B0009B0714D4E068039B9842B8BF18469DE779
:1024C000012304F1190239463046C047013093D048
:1024D0000135E36803995B1AAB42F1DCEAE70025BA
:1024E000F7E700BF3873410049734100B1F90C2090
:1024F0002DE9F041160705460C4651D44B68002BD8
:1025000002DC0B6C002B49DDE66A002E46D000236E
:1025100012F480522F682B6031D0626DA389590765
:1025200005D56368D21A636B0BB1236CD21A0023F2
:10253000E66A216A2846B047421CB4F90C3006D13D
:1025400029681D2945D8284ACA40D60741D5002206
:102550006260D9042269226004D5421C01D12B6833
:1025600003B96065616B2F60C1B104F14403994206
:1025700002D02846FEF77AFC002363630EE0216A4E
:1025800001232846B0470246501CC7D12B68002BB8
:10259000C4D01D2B01D0162B1AD12F6000201DE0B6
:1025A0000F69002FFAD093070E6808BF4B690F60C0
:1025B00018BF0023A6EB07088B60B8F1000FEDDD14
:1025C000216AA66A43463A462846B047002807DCF7
:1025D000A38943F04003A3814FF0FF30BDE8F081B1
:1025E0000744A8EB0008E8E70100402038B50B6974
:1025F00005460C4613B91D46284638BD18B1036A76
:102600000BB9FEF731F9B4F90C30002BF3D0626E40
:10261000D00704D4990502D4A06DFEF700FC28462B
:102620002146FFF763FF636EDA070546E4D4A3890A
:102630009B05E1D4A06DFEF7F3FBDDE770B50E4618
:10264000B1F90E10002996B014461D460ADAB28977
:1026500012F0800213D14FF4806100202A602160C3
:1026600016B070BD6A4600F07BF80028EFDB019AD7
:1026700002F47042A2F500535A425A41EBE700229D
:102680004021EAE78B8973B59E0705460C4607D5BE
:1026900004F14703236023610123636102B070BD2D
:1026A00001AB6A46FFF7CAFF009E28463146FDF798
:1026B0008BF8B4F90C3038B99A05EFD423F0030342
:1026C00043F00203A381E3E743F08003A381019B6E
:1026D0002060C4E90406002BE0D0B4F90E102846AF
:1026E00000F050F80028D9D0A38923F0030343F069
:1026F0000103A381D2E770B506460D46144618B112
:10270000036A0BB9FEF7B0F8636ED80705D4A38946
:10271000990502D4A06DFEF782FBA368013B002B54
:10272000A36005DAA269934212DBEBB20A2B0FD049
:1027300023685A1C22601D70EDB2636EDA0705D45F
:10274000A3899B0502D4A06DFEF76AFB284670BDE5
:10275000294622463046FEF735FA0546EDE70000E9
:1027600038B5074C00230546084611462360F3F7A9
:1027700018FE431C02D1236803B12B6038BD00BF93
:102780001083432038B5064C0023054608462360D5
:10279000F3F716FE431C02D1236803B12B6038BD4A
:1027A0001083432000000000000000000000000033
:1027B00001F0FF01102A2BDB10F0070F08D010F8F2
:1027C000013B013A8B422DD010F0070F42B3F6D1F6
:1027D000F0B441EA012141EA014122F007047FF00F
:1027E00000070023F0E80256083C85EA010586EA66
:1027F000010685FA47F5A3FA87F586FA47F6A5FAA2
:1028000087F68EB9EED1F0BC01F0FF0102F00702AD
:1028100032B110F8013B013A83EA010313B1F8D158
:102820000020704701387047002D06BF3546033839
:10283000073815F0010F07D1013015F4807F02BF72
:10284000013015F4C03F0130F0BC0138704700BFC3
:102850001FB51D46094B1B680646D86852B1084C87
:102860000091CDE90142074933462A4600F022F89B
:1028700000F032F8044C2246F2E700BFBC014020D1
:102880005A734100677341009573410070B5A1FB15
:10289000026535B93146FCF797FF044628B9204652
:1028A00070BD0C2303600024F9E732462946FEF789
:1028B0001BFAF4E70EB403B5014603AB054853F821
:1028C000042B00680193FFF75DFB02B05DF804EB99
:1028D00003B07047BC01402008B5062000F02CF87A
:1028E0000120F3F783FD1F2938B505460C4604D9AE
:1028F000162303604FF0FF3038BDC26B12B152F89F
:1029000021304BB9284600F031F8224601462846CE
:10291000BDE8384000F018B8012B0AD0591C03D18B
:10292000162303600120E7E7002142F82410204627
:1029300098470020E0E70000024B01461868FFF7C7
:10294000D2BF00BFBC01402038B5074C002305466C
:10295000084611462360F3F74FFD431C02D123685C
:1029600003B12B6038BD00BF10834320F3F74EBD89
:1029700081F0004102E000BF83F0004330B54FEA30
:1029800041044FEA430594EA050F08BF90EA020F9D
:102990001FBF54EA000C55EA020C7FEA645C7FEA30
:1029A000655C00F0E2804FEA5454D4EB5555B8BF53
:1029B0006D420CDD2C4480EA020281EA030382EAC4
:1029C000000083EA010180EA020281EA0303362D56
:1029D00088BF30BD11F0004F4FEA01314FF4801C29
:1029E0004CEA113102D0404261EB410113F0004F3B
:1029F0004FEA03334CEA133302D0524263EB4303F2
:102A000094EA050F00F0A780A4F10104D5F1200E8F
:102A10000DDB02FA0EFC22FA05F2801841F10001EA
:102A200003FA0EF2801843FA05F359410EE0A5F1BE
:102A300020050EF1200E012A03FA0EFC28BF4CF0EF
:102A4000020C43FA05F3C01851EBE37101F00045A5
:102A500007D54FF0000EDCF1000C7EEB00006EEBB2
:102A60000101B1F5801F1BD3B1F5001F0CD349083C
:102A70005FEA30004FEA3C0C04F101044FEA445293
:102A800012F5800F80F09A80BCF1004F08BF5FEA1A
:102A9000500C50F1000041EB045141EA050130BDFA
:102AA0005FEA4C0C404141EB0101013C28BFB1F50C
:102AB000801FE9D291F0000F04BF01460020B1FA57
:102AC00081F308BF2033A3F10B03B3F120020CDA2A
:102AD0000C3208DD02F1140CC2F10C0201FA0CF008
:102AE00021FA02F10CE002F11402D8BFC2F1200C6D
:102AF00001FA02F120FA0CFCDCBF41EA0C01904023
:102B0000E41AA2BF01EB0451294330BD6FEA04046B
:102B10001F3C1CDA0C340EDC04F11404C4F1200256
:102B200020FA04F001FA02F340EA030021FA04F368
:102B300045EA030130BDC4F10C04C4F1200220FABF
:102B400002F001FA04F340EA0300294630BD21FAFD
:102B500004F0294630BD94F0000F83F4801306BFC3
:102B600081F480110134013D4EE77FEA645C18BFB7
:102B70007FEA655C29D094EA050F08BF90EA020F4E
:102B800005D054EA000C04BF1946104630BD91EA46
:102B9000030F1EBF0021002030BD5FEA545C05D149
:102BA0004000494128BF41F0004130BD14F5800488
:102BB0003CBF01F5801130BD01F0004545F0FE41FC
:102BC00041F470014FF0000030BD7FEA645C1ABF31
:102BD000194610467FEA655C1CBF0B46024650EA68
:102BE000013406BF52EA033591EA030F41F4002194
:102BF00030BD00BF90F0000F04BF0021704730B51A
:102C00004FF4806404F132044FF000054FF00001EE
:102C100050E700BF90F0000F04BF0021704730B5AF
:102C20004FF4806404F1320410F0004548BF404284
:102C30004FF000013EE700BF42004FEAE2014FEAD9
:102C400031014FEA02701FBF12F07F4393F07F4FB4
:102C500081F06051704732F07F4208BF704793F0B7
:102C60007F4F04BF41F40021704730B54FF46074CA
:102C700001F0004521F000411CE700BF50EA0102CD
:102C800008BF704730B54FF000050AE050EA010276
:102C900008BF704730B511F0004502D5404261EBE6
:102CA00041014FF4806404F132045FEA915C3FF427
:102CB000D8AE4FF003025FEADC0C18BF03325FEAC4
:102CC000DC0C18BF033202EBDC02C2F1200300FA75
:102CD00003FC20FA02F001FA03FE40EA0E0021FA9A
:102CE00002F11444BDE600BF41EC170BB5EEC07B0A
:102CF000F1EE10FA01D400F00BB808B581F00041F4
:102D000000F006F8404261EB410108BD0000000000
:102D10009FED0B7B41EC160B9FED0B5B26EE077BCB
:102D2000BCEEC77BB8EE474BA4EE456BFCEEC67B12
:102D300017EE101A17EE900A704700BFAFF300802D
:102D4000000000000000F03D000000000000F04125
:102D50003C3E204661696C656420746F2075706428
:102D6000617465206D6F646520636F6E74726F6C43
:102D70006C6572203C3E0D003C3E204661696C65EE
:102D80006420746F20757064617465204944453314
:102D900033383020726567697374657273203C3E06
:102DA0000D0000003C3E204661696C656420746F34
:102DB0002075706461746520626961732073657445
:102DC000706F696E7473203C3E0D00004552524F87
:102DD000523A204E4F5F5355434820434F4D4D418B
:102DE0004E442C20444941473D25642E0D0A0000E5
:102DF000436F6E66696775726174696F6E0000007B
:102E000041534943205265676973746572730000CA
:102E10002D2D2D2D2D2D2D2D2D2D2D2D2D2D2D2DE2
:102E20002D2D2D2D2D2D2D2D2D2D2D2D0D00000079
:102E30002D2D2048656C6C6F5F776F726C6420314C
:102E40002E332E30204465627567206D6173746582
:102E5000720D00002D2D2068747470733A2F2F6747
:102E600069746875622E636F6D2F616E6F6C2F4190
:102E70004C5F6578706C6F72655F5637312E67698D
:102E8000740D00002D2D2061726D2D6E6F6E652DFD
:102E9000656162692031352E332E31203230323671
:102EA000303632370D0000002D2D20536570203252
:102EB0003920323032362031373A31303A35350D1B
:102EC000000000005374617475733A0044696167CF
:102ED0006E6F7374696320696E666F0D0000000089
:102EE000546573745F7574696C6974795F70726F1F
:102EF00076696465723A3A765F544553543A0D00E8
:102F00004F4E00004F46460054686520636F6D6D5C
:102F1000616E642074726163652069732025730D8E
:102F20000A0000004E4F5420494D504C454D454E2F
:102F3000544544004E4F5420494E2049444C4520AE
:102F40004D4F4445000000004F4E00004F464600E4
:102F50005468652063616C6962726174696F6E2088
:102F600074726163652069732025730D0A00000087
:102F700049444C45000000004E4F4D494E414C0025
:102F800044454D4F000000003F000000206D6F647D
:102F9000653D25732C20636164656E63653D256422
:102FA000000000006D6963726F5F7369657665721A
:102FB000745F323D000000004D6F64655F636F6EAB
:102FC00074726F6C5F70726F76696465723A3A768C
:102FD0005F4E4F4D494E414C5F414C41524D5F6DEC
:102FE0006963726F5F736965766572743A00000099
:102FF00025732025733D25640D0A00006461746506
:103000005F313D005370656374726F73636F7069F5
:10301000635F646174615F70726F76696465723A50
:103020003A765F54494D455F646174655F74696DBC
:10303000653A000025732025733D25642C202573F7
:103040003D25640D0A00000074696D655F323D0026
:103050004661696C656420746F2073656E642064DA
:103060006174613A20666F726D61743D25642C2035
:103070006368616E6E656C3D25640D0A000000009A
:103080004E4F4E004C454741435900005236000018
:10309000435053004E3432003F0000002C20636840
:1030A000616E6E656C3D25642028696E6869626991
:1030B00074292C20666F726D61743D2573000000C9
:1030C0002C206368616E6E656C3D25642028616EFE
:1030D000612073756D292C20666F726D61743D25BA
:1030E000730000002C206368616E6E656C3D256482
:1030F00020286469672073756D292C20666F726DB6
:1031000061743D25730000002C206368616E6E655C
:103110006C3D25642028696E707574292C20666FBB
:10312000726D61743D25730050696E206D616E6132
:103130006765720D00000000486973743A20657677
:10314000656E743D25642C206368616E6E656C3D10
:10315000256400002C202564000000000D00000004
:1031600025753B0052363A6576656E74733D25646D
:103170003B43483D25643B0052363A4350533D257E
:10318000643B43483D25643B0000000025643D2529
:10319000753B00000D0A0D004576656E74733D2584
:1031A000642C204953523D25642C20736F66743D76
:1031B00025642C2073656E73653D25642C2062693F
:1031C00061733D25640D0A004350533D25642C2056
:1031D0004953523D25642C20736F66743D25642C41
:1031E0002073656E73653D25642C20626961733DB3
:1031F00025640D0A0000000025730D0A0000000080
:10320000415349433A206765745F6572723D256496
:103210002C206C6F61645F6572723D25640D0A003D
:103220003C3E204944453333383020726561646246
:1032300061636B206572726F722E20446961673A18
:103240002065787065637465643D30782530385842
:103250002C2061637475616C3D30782530385820BE
:103260002E2E2E2E2E0D0A003C3E2049444533338F
:103270003830207570646174652072656769737495
:10328000657273206661696C65642E204572726F89
:103290007220616363756D2E3A20726561646261AC
:1032A000636B3D25642C207265706F7369746F7257
:1032B000793D2564203C3E0D0A00000069676E6F71
:1032C00072650000726561646F7574200000000013
:1032D000526561646F75743A205458443D25642CDE
:1032E000205453554D5F4F3D25642C206576656E07
:1032F00074733D25642C205278497465723D2564B1
:103300002C20455854493D25642C20747269676708
:1033100065723D25730D0A004153494325643A0DFA
:103320000A0000003078253032583D30782530389A
:10333000580D0A00203078253032580D0A00000060
:10334000636D69735F6465746563746F725F766FD4
:10335000666673657400000041494E20696E7075A1
:103360007420766F6C74616765206F666673657430
:1033700000000000636D69735F6465746563746F5A
:10338000725F696F666673657400000041494E2084
:10339000696E7075742063757272656E74206F66E5
:1033A0006673657400000000636D69735F696D701A
:1033B0006564616E63655F726564756374696F6E81
:1033C0000000000041494E20696E70757420696DDF
:1033D000706564616E6365202856424941532E2012
:1033E000303D3575412C20313D313075412900008B
:1033F00063616C5F73656C6563745F6368616E6E57
:10340000656C000043616C6962726174696F6E2063
:103410005465737420456E61626C650071635F74FE
:1034200068726573686F6C640000000043686172C5
:10343000676520636F6D70617261746F722074686C
:10344000726573686F6C640071635F68797374652B
:103450007265736973000000436861726765206379
:103460006F6D70617261746F7220687973746572C8
:10347000657369730000000070755F6368616E6E4C
:10348000656C0000506F776572207570206368610D
:103490006E6E656C00000000656E61626C655F7445
:1034A000726967676572696E67000000456E6162E8
:1034B0006C65206368616E6E656C20747269676705
:1034C0006572206F75747075747300002020257309
:1034D0003D256400202825643A25642C2025732985
:1034E000000000000D0000002020202020202020CF
:1034F0002020202000000000202533640000000070
:10350000636D69735F766F6666730000636D6973E0
:103510005F696F6666730000636D69735F696D5FF5
:103520007265000063616C5F73656C5F63680000C7
:1035300071635F7468726573686C000071635F68C3
:103540007973746572650000656E5F747269676790
:103550006572000025733A20000000005465737402
:10356000206661696C65640043414C5F5445535467
:103570005F4E4F4953453A20697465726174696FB3
:103580006E3D25642C206368616E6E656C3D25641C
:103590002C207468726573686F6C643D25640D0A35
:1035A000000000004E6F69736520666C6F6F7220BB
:1035B00063616C6962726174696F6E2074657374A3
:1035C0003A20696E746567726174696F6E5F7469C1
:1035D0006D653D25642C2073746172745F7468722C
:1035E0006573686F6C643D25642C2073746F705F25
:1035F000636F756E743D2564000000000D000000CF
:103600002C2000004368616E6E656C3A20202020FB
:103610002000000020253364000000004E6F697315
:103620006520666C6F6F723A2000000043682025A9
:10363000643A0000282564290D0A0D0A00000000E4
:103640002025643D0000000025642C0043686E2E98
:103650003A20000025336420000000000D00000027
:103660004D65616E3A20000043414C5F5445535410
:103670005F504544455354414C3A20636F756E7416
:10368000646F776E3D25642C206974657261746F78
:10369000723D25640D0A00002C2074656D703D2577
:1036A000642E25642C20626961733D25640000004E
:1036B00054656D703A2074656D703D25642E2564E7
:1036C0002C20626961733D25642C2044414328729B
:1036D0006177293D25642C204441432863616C298E
:1036E0003D25642C204144433D25642C2063616CBE
:1036F0003D25642C206661696C3D25640D0A00003F
:103700004441433A206F75742D6F662D72616E6768
:10371000653D25642C20627573793D25640D0A0092
:103720005365742074656C656D6574727920696E7B
:1037300074657276616C2028732920696E20446557
:103740006D6F6E7374726174696F6E204D6F646516
:103750002E00000000000000536574206368616E55
:103760006E656C20746F20626520757365642069D6
:103770006E206C69766520766965772064656D6F6B
:103780002E20303D696E68696269742072656164DB
:103790006F75742C20312E2E31363D696E70757424
:1037A000206368616E6E656C2C2031373D616E61FF
:1037B0006C6F672073756D6D696E672C2031383DB5
:1037C0006469676974616C2073756D6D696E672ECD
:1037D00000000000434144454E4345004348414EEC
:1037E0004E454C005365742074656C656D6574724C
:1037F0007920696E74657276616C2028732920695E
:103800006E2049646C65204D6F64652E00000000D9
:103810005365742064656D6F6E7374726174696F43
:103820006E206D6F64652E005365742069646C654D
:10383000206D6F64652E0000536574206E6F6D6996
:103840006E616C206D6F64652E00000044454D4F25
:103850000000000049444C45000000004E4F4D4917
:103860004E414C0053657420616C61726D20746828
:10387000726573686F6C6420287553762F68292EE3
:10388000000000005365742074656C656D6574728A
:103890007920696E74657276616C202873292069BD
:1038A0006E204E6F6D696E616C204D6F64652E00E9
:1038B000414C41524D00000053656E6420657665B1
:1038C0006E7420636F756E746572732E0000000055
:1038D00055736520636F6D706C65782068697374CB
:1038E0006F6772616D20666F726D617420284E344F
:1038F00032292E005573652073696D706C652068E0
:103900006973746F6772616D20666F726D61742088
:10391000285236292E000000435053004E34320006
:103920005236000053656E642074686520686973C0
:10393000746F6772616D20616E6420636C65617283
:103940002074686520627566666572732E000000DB
:10395000524553455400000053656E6420746865F9
:1039600020686973746F6772616D2E0053657420EF
:103970006461746520616E642074696D652E000059
:103980005365742062696173204144432063616C14
:103990006962726174696F6E203335562073657485
:1039A000706F696E742E00005365742062696173D4
:1039B000204144432063616C6962726174696F6E77
:1039C0002034305620736574706F696E742E000059
:1039D0005633350056343000536574206269617384
:1039E000204441432063616C6962726174696F6E47
:1039F0002033355620736574706F696E742E000025
:103A00005365742062696173204441432063616C93
:103A10006962726174696F6E203430562073657408
:103A2000706F696E742E00004D6973632E20646997
:103A300061676E6F7374696320696E666F726D6122
:103A400074696F6E207772742E2063616C69627284
:103A50006174696F6E2E000046696E6420636F6D3D
:103A60006D6F6E206269617320766F6C746167653B
:103A7000207573696E67206461726B20636F756E69
:103A80007420726174652E0046696E6420636861FB
:103A90006E6E656C206E6F69736520666C6F6F72F9
:103AA000207573696E67207468726573686F6C64E3
:103AB000207363616E2E000046696E642063686146
:103AC0006E6E656C206F666673657420766F6C74BD
:103AD000616765207573696E672066697865642023
:103AE000736F757263652E0046696E64206368614A
:103AF0006E6E656C20706564657374616C2075739F
:103B0000696E6720666F7263656420726561646FB9
:103B100075742E0042494153000000004E4F495336
:103B2000450000004F46465345540000504544456B
:103B30005354414C00000000546F67676C6520646B
:103B40006961676E6F737469632074726163652065
:103B50006F6E2F6F66662E00414443004441430060
:103B60004449414700000000544553540000000000
:103B7000545241434500000053656C656374204115
:103B800053494320312D352E0000000044756D70DF
:103B900020616C6C20746865204153494320726534
:103BA000676973746572732E00000000557064615C
:103BB000746520616C6C20415349432072656769CC
:103BC00073746572732066726F6D206375727265AF
:103BD0006E7420636F6E66696775726174696F6E6B
:103BE0002E00000057726974652074686520415387
:103BF00049432072656769737465722E0000000086
:103C000052656164207468652041534943207265A0
:103C10006769737465722E0044554D5000000000B2
:103C20004C4F4144000000005245470053686F77F5
:103C30002063757272656E74204153494320736529
:103C40006C656374696F6E2E00000000536574200C
:103C5000636F6E66696775726174696F6E206174F7
:103C6000747269627574652076616C75652E0000EA
:103C700047657420636F6E66696775726174696FFA
:103C80006E206174747269627574652076616C75FA
:103C9000652E00004170706C792074686520637532
:103CA0007272656E7420636F6E6669677572617497
:103CB000696F6E2E000000005365742074686520E3
:103CC00063757272656E7420636F6E666967757274
:103CD0006174696F6E2072656769737465722076AE
:103CE000616C75652E00000047657420746865205E
:103CF00063757272656E7420636F6E666967757244
:103D00006174696F6E20726567697374657220767D
:103D1000616C75652E000000436C65616E207468EF
:103D2000652070657273697374656E742073746F47
:103D30007261676520616E642073657420746865C4
:103D40002064656661756C7420636F6E6669677563
:103D5000726174696F6E2E0044756D7020746865B1
:103D60002063757272656E7420636F6E6669677525
:103D7000726174696F6E2E004C6F616420746865A7
:103D80002063757272656E7420636F6E6669677505
:103D9000726174696F6E2066726F6D207468652041
:103DA00070657273697374656E742073746F726179
:103DB00067652E00536176652074686520637572AF
:103DC00072656E7420636F6E66696775726174697F
:103DD0006F6E20746F2074686520706572736973EC
:103DE00074656E742073746F726167652E000000D5
:103DF0004150504C5900000041534943000000001D
:103E0000434C45414E000000534156450000000020
:103E100053656E64206D697363656C6C616E656F6C
:103E2000757320646961676E6F7374696320696E6E
:103E3000666F726D6174696F6E2E000053686F77E4
:103E400020636F6D6D616E64732E000053656E6448
:103E5000206D6F646520616E64206F7468657220E8
:103E600073797374656D20646174612E00000000C5
:103E7000496E69746961746520612073656C662D93
:103E8000746573742073657175656E63652E0000CB
:103E9000546F67676C65207472616365206F6E2F65
:103EA0006F66662E0000000053656E6420766572B2
:103EB00073696F6E20616E64206F74686572206232
:103EC00075696C6420696E666F726D6174696F6E7E
:103ED0002E0000004D4F444500000000464F524D5B
:103EE000415400004745540054494D45000000002E
:103EF00043414C00434F4E464947000048454C5013
:103F0000000000005354415455530000564552538D
:103F1000494F4E000800320002000000000000007F
:103F200000000000000000002037410000000000F9
:103F30000000000000000000000000000000000081
:103F40005437410003004200000000000000000060
:103F500040420F00143F4100543741000000000070
:103F60000000000000000000000000000000000051
:103F70005437410008003200030000000000000038
:103F80000000000000000000583741000000000061
:103F90000000000000000000000000000000000021
:103FA0005437410003001100000000000000000031
:103FB00012000000743F410054374100000000002F
:103FC00000000000000000000000000000000000F1
:103FD0005437410002000C00000000000000000007
:103FE00000000000443F4100D437410002001200AD
:103FF000000000000000000000000000A43F41009D
:10400000DC3741000000000000000000000000005C
:10401000000000000000000054374100080032009A
:10402000040000000000000000000000000000008C
:10403000E437410000000000000000000000000024
:10404000000000000000000054374100030042005F
:10405000000000000000000040420F001C40410032
:104060005437410000000000000000000000000084
:1040700000000000000000005437410002000C0066
:104080000000000000000000000000004C40410063
:10409000D4374100000000000000000000000000D4
:1040A000000000000000000054374100080032000A
:1040B00005000000000000000000000000000000FB
:1040C0001038410000000000000000000000000067
:1040D00000000000000000005437410008003200DA
:1040E00006000000000000000000000000000000CA
:1040F000283841000000000000000000000000001F
:1041000000000000000000005437410008003200A9
:104110000700000000000000000000000000000098
:1041200038384100000000000000000000000000DE
:1041300000000000000000005437410002001F0092
:10414000000000000000000000000000AC40410042
:104150004C38410002002A0000000000000000006E
:1041600000000000DC4041005438410002003600ED
:104170000000000000000000000000000C414100B1
:104180005C3841000000000000000000000000005A
:104190000000000000000000543741000800320019
:1041A0000800000000000000000000000000000007
:1041B0006438410000000000000000000000000022
:1041C00000000000000000005437410003002F00F1
:1041D000000000000000000040420F009C41410030
:1041E0005437410000000000000000000000000003
:1041F00000000000000000005437410008003200B9
:1042000009000000000000000000000000000000A5
:1042100084384100000000000000000000000000A1
:10422000000000000000000054374100030042007D
:10423000000000000000000040420F00FC4141006F
:1042400054374100000000000000000000000000A2
:10425000000000000000000054374100020005008B
:10426000000000000000000000000000CC41410000
:10427000B038410002000C00000000000000000007
:10428000000000002C424100D43741000000000033
:10429000000000000000000000000000000000001E
:1042A00054374100080045000A00000000000000EB
:1042B0000000000000000000B838410000000000CD
:1042C00000000000000000000000000000000000EE
:1042D00054374100080045000B00000000000000BA
:1042E0000000000000000000D03841000000000085
:1042F00000000000000000000000000000000000BE
:1043000054374100080045000C0000000000000088
:104310000000000000000000F43841000000000030
:10432000000000000000000000000000000000008D
:104330005437410002001600000000000000000099
:1043400000000000A442410018394100020033007F
:10435000000000000000000000000000D442410006
:104360001C39410002003C00000000000000000079
:10437000000000000443410020394100000000001B
:10438000000000000000000000000000000000002D
:1043900054374100080045000D00000000000000F7
:1043A000000000000000000024394100000000006F
:1043B00000000000000000000000000000000000FD
:1043C00054374100020040000000000000000000DF
:1043D00000000000944341005039410008004500AE
:1043E0000E000000000000000000000000000000BF
:1043F00058394100000000000000000000000000EB
:104400000000000000000000543741000800450093
:104410000F0000000000000000000000000000008D
:104420006C394100000000000000000000000000A6
:1044300000000000000000005437410003004A0063
:10444000000000000000000040420F000C4441004A
:104450005437410000000000000000000000000090
:1044600000000000000000005437410003001D0060
:104470000000000000000000FFFFFF7F3C444100FF
:104480005437410000000000000000000000000060
:1044900000000000000000005437410008002C001C
:1044A00010000000000000000000000000000000FC
:1044B0008039410000000000000000000000000002
:1044C00000000000000000005437410003000E000F
:1044D000000000006079FEFFFFFFFFFF9C444100E9
:1044E0005437410000000000000000000000000000
:1044F00000000000000000005437410008002C00BC
:10450000110000000000000000000000000000009A
:10451000A839410000000000000000000000000079
:1045200000000000000000005437410003000F00AD
:10453000000000006079FEFFFFFFFFFFFC44410028
:10454000543741000000000000000000000000009F
:1045500000000000000000005437410002004D0040
:10456000000000000000000000000000CC444100FA
:10457000D039410002004E000000000000000000A1
:10458000000000002C454100D4394100000000002B
:10459000000000000000000000000000000000001B
:1045A0005437410008002C001200000000000000F9
:1045B0000000000000000000D839410000000000A9
:1045C00000000000000000000000000000000000EB
:1045D0005437410003000E00000000006079FEFF28
:1045E000FFFFFFFFA44541005437410000000000D9
:1045F00000000000000000000000000000000000BB
:104600005437410008002C00130000000000000097
:104610000000000000000000003A4100000000001F
:10462000000000000000000000000000000000008A
:104630005437410003000F00000000006079FEFFC6
:10464000FFFFFFFF04464100543741000000000017
:10465000000000000000000000000000000000005A
:104660005437410002004D0000000000000000002F
:1046700000000000D4454100D039410002004E0046
:10468000000000000000000000000000344641006F
:10469000D4394100000000000000000000000000CC
:1046A00000000000000000005437410008002C000A
:1046B00014000000000000000000000000000000E6
:1046C000283A410000000000000000000000000047
:1046D00000000000000000005437410008002C00DA
:1046E00015000000000000000000000000000000B5
:1046F000583A4100000000000000000000000000E7
:1047000000000000000000005437410008002C00A9
:104710001600000000000000000000000000000083
:10472000883A410000000000000000000000000086
:1047300000000000000000005437410008002C0079
:104740001700000000000000000000000000000052
:10475000B83A410000000000000000000000000026
:1047600000000000000000005437410008002C0049
:104770001800000000000000000000000000000021
:10478000E83A4100000000000000000000000000C6
:1047900000000000000000005437410002000B0040
:1047A000000000000000000000000000DC464100A6
:1047B000143B410002003400000000000000000033
:1047C000000000000C4741001C3B41000200380083
:1047D0000000000000000000000000003C47410015
:1047E000243B410002003B000000000000000000EC
:1047F000000000006C4741002C3B4100000000001D
:1048000000000000000000000000000000000000A8
:104810005437410008002C0019000000000000007F
:104820000000000000000000383B410000000000D4
:104830000000000000000000000000000000000078
:104840005437410002000400000000000000000096
:10485000000000005C454100583B41000200190087
:10486000000000000000000000000000644641005D
:104870005C3B41000200210000000000000000003D
:1048800000000000AC464100603B410002004900CE
:104890000000000000000000000000009C474100F4
:1048A000683B410002004C000000000000000000D6
:1048B0000000000014484100703B4100000000006F
:1048C00000000000000000000000000000000000E8
:1048D00054374100080015001A00000000000000D5
:1048E0000000000000000000783B410000000000D4
:1048F00000000000000000000000000000000000B8
:1049000054374100080015001B00000000000000A3
:1049100000000000000000008C3B4100000000008F
:104920000000000000000000000000000000000087
:1049300054374100080015001C0000000000000072
:104940000000000000000000AC3B4100000000003F
:104950000000000000000000000000000000000057
:1049600054374100080015001D0000000000000041
:104970000000000000000000E43B410000000000D7
:104980000000000000000000000000000000000027
:104990005437410003001B0000000000000000002D
:1049A000FFFFFF7F644941005437410008001500B4
:1049B0001E000000000000000000000000000000D9
:1049C000003C41000000000000000000000000006A
:1049D00000000000000000005437410003003F00C9
:1049E0000000000000000000200000009449410089
:1049F00054374100000000000000000000000000EB
:104A000000000000000000005437410003000800CF
:104A1000000000000100000005000000D448410033
:104A20005437410002002200000000000000000096
:104A30000000000004494100183C410002002E0023
:104A400000000000000000000000000034494100A8
:104A5000203C410002003E00000000000000000079
:104A600000000000DC494100283C4100080015001E
:104A70001F00000000000000000000000000000017
:104A80002C3C41000000000000000000000000007D
:104A9000000000000000000054374100080015002D
:104AA00020000000000000000000000000000000E6
:104AB0004C3C41000000000000000000000000002D
:104AC00000000000000000005437410003001B00FC
:104AD0000000000000000000FFFFFF7F9C4A410033
:104AE00054374100080015002100000000000000BC
:104AF0000000000000000000703C410000000000C9
:104B000000000000000000000000000000000000A5
:104B1000543741000800150022000000000000008A
:104B20000000000000000000943C41000000000074
:104B30000000000000000000000000000000000075
:104B40005437410008001500230000000000000059
:104B50000000000000000000B83C41000000000020
:104B60000000000000000000000000000000000045
:104B70005437410003001B0000000000000000004B
:104B8000FFFFFF7F444B41005437410008001500F0
:104B900024000000000000000000000000000000F1
:104BA000E83C4100000000000000000000000000A0
:104BB00000000000000000005437410003003F00E7
:104BC000000000000000000020000000744B4100C5
:104BD0005437410000000000000000000000000009
:104BE00000000000000000005437410003000800EE
:104BF000000000000100000005000000BC4B410067
:104C000054374100000000000000000000000000D8
:104C100000000000000000005437410008001500AB
:104C2000250000000000000000000000000000005F
:104C3000183D4100000000000000000000000000DE
:104C4000000000000000000054374100080015007B
:104C5000260000000000000000000000000000002E
:104C6000583D41000000000000000000000000006E
:104C7000000000000000000054374100080015004B
:104C800027000000000000000000000000000000FD
:104C9000783D41000000000000000000000000001E
:104CA000000000000000000054374100080015001B
:104CB00028000000000000000000000000000000CC
:104CC000B43D4100000000000000000000000000B2
:104CD00000000000000000005437410003003700CE
:104CE0000000000000000000FF0F0000CC4A41005F
:104CF00054374100020006000000000000000000E0
:104D000000000000144B4100F03D4100020007008C
:104D1000000000000000000000000000EC4B41001B
:104D2000F83D4100020013000000000000000000F8
:104D3000000000001C4C4100003E41000200220027
:104D40000000000000000000000000004C4C41008A
:104D5000183C410002002E0000000000000000008E
:104D6000000000007C4C4100203C4100020041005A
:104D7000000000000000000000000000AC4C4100FA
:104D8000083E41000000000000000000000000009C
:104D90000000000000000000543741000800280017
:104DA00029000000000000000000000000000000DA
:104DB000103E410000000000000000000000000064
:104DC00000000000000000005437410008002800E7
:104DD0002A000000000000000000000000000000A9
:104DE0003C3E410000000000000000000000000008
:104DF00000000000000000005437410008002800B7
:104E00002B00000000000000000000000000000077
:104E10004C3E4100000000000000000000000000C7
:104E20000000000000000000543741000800280086
:104E30002C00000000000000000000000000000046
:104E4000703E410000000000000000000000000073
:104E50000000000000000000543741000800280056
:104E60002D00000000000000000000000000000015
:104E7000903E410000000000000000000000000023
:104E80000000000000000000543741000800280026
:104E90002E000000000000000000000000000000E4
:104EA000A83E4100000000000000000000000000DB
:104EB00000000000000000005437410002001F0005
:104EC000000000000000000000000000D43F41008E
:104ED0004C38410002002A000000000000000000E1
:104EE000000000007C4041005438410002003100C5
:104EF0000000000000000000000000003C414100F4
:104F0000D43E410002003600000000000000000016
:104F1000000000005C4241005C38410002002400B7
:104F200000000000000000000000000034434100C9
:104F3000DC3E4100020026000000000000000000EE
:104F400000000000C4434100E43E410002004B0069
:104F50000000000000000000000000006C44410060
:104F6000E83E410002000D000000000000000000CB
:104F70000000000044484100F03E410002000700EC
:104F80000000000000000000000000000C4A41008A
:104F9000F83D410002001400000000000000000085
:104FA00000000000DC4C4100F43E41000200210002
:104FB0000000000000000000000000009C4D4100C7
:104FC000603B4100020027000000000000000000DC
:104FD00000000000CC4D4100FC3E410002004700B3
:104FE000000000000000000000000000FC4D410037
:104FF000043F4100020049000000000000000000E2
:10500000000000002C4E4100683B410002004C00B3
:105010000000000000000000000000005C4E4100A5
:10502000703B410002005000000000000000000042
:10503000000000008C4E41000C3F410000000000C9
:105040000000000000000000000000000000000060
:105050005437410021000000610000006163746961
:10506000766500006164630041444300414C415255
:105070004D0000004150504C59000000415349433D
:1050800000000000617369635F6E627200000000DF
:1050900062000000626961730000000042494153F0
:1050A00000000000434144454E43450043414C004D
:1050B00063616C5F3335560063616C5F343056005A
:1050C00063616C6962726174696F6E006368616EBE
:1050D0006E656C004348414E4E454C00434C454183
:1050E0004E000000434F4E4649470000436F6E6636
:1050F000696775726174696F6E5F6D616E61676516
:105100007200000043505300435356006461630033
:10511000444143006461746131360000646174612C
:1051200033320000646174613800000064617465AA
:105130000000000064656D6F0000000044454D4FA5
:1051400000000000646576696365000044494147DA
:105150000000000044554D5000000000666F726D65
:1051600061740000464F524D415400006761696E02
:10517000000000004745540048454C500000000026
:10518000486F7573656B656570696E670000000038
:1051900069646C650000000049444C450000000053
:1051A000494E505554000000496E737472756D6518
:1051B0006E745F63616C6962726174696F6E000026
:1051C000696E746567726174696F6E5F74696D652D
:1051D000000000004C4F4144000000006D69637204
:1051E0006F5F736965766572740000006D696C6C41
:1051F000697300004D4F4445000000004D6F646529
:105200005F636F6E74726F6C000000004E3432008A
:105210004E4F4953450000006E6F6D696E616C0022
:105220004E4F4D494E414C006F66667365740000E9
:105230004F46465345540000706172616D65746558
:1052400072000000706564657374616C000000009A
:10525000504544455354414C000000005236000074
:10526000726561646F75745F636F756E74000000C2
:10527000524547007265675F616464720000000018
:10528000524553455400000053415645000000006C
:105290007365636F6E64730073657269616C5F6ED2
:1052A000756D62657200000073696D706C655F52A8
:1052B000360000005370656374726F73636F7069BA
:1052C000635F64617461000073746172745F746819
:1052D000726573686F6C64005354415455530000F9
:1052E00073746F705F636F756E7400005445535430
:1052F0000000000074696D650000000054494D45D0
:105300000000000054524143450000005633350070
:10531000563430005642494153000000564552531E
:10532000494F4E003F00000054504100585041008A
:105330005C50410064504100685041006C50410095
:10534000745041007C504100845041009050410015
:10535000945041009C504100A4504100AC50410089
:10536000B0504100B8504100C0504100CC50410005
:10537000D4504100DC504100E4504100EC50410069
:1053800004514100085141000C51410010514100AD
:10539000145141001C514100245141002C51410045
:1053A000345141003C514100445141004C514100B5
:1053B000545141005C514100645141006C51410025
:1053C0007451410078514100805141009051410099
:1053D00098514100A0514100A8514100C0514100E5
:1053E000D4514100DC514100EC514100F4514100E5
:1053F000FC5141000C524100105241001852410032
:1054000020524100285241003052410038524100A0
:1054100044524100505241005C52410060524100F0
:105420007052410074524100805241008852410044
:105430009052410098524100A8524100B45241009C
:10544000C8524100D8524100E0524100EC524100A4
:10545000F4524100FC524100045341000C534100FE
:1054600010534100145341001C534100CD384000FB
:105470000000000002000000F938400000000000B9
:1054800003000000A13840000000000004000000FC
:105490004138400000000000050000006138400075
:1054A00000000000060000008138400000000000FD
:1054B000070000002539400000000000080000003F
:1054C000513940000000000009000000D9394000B7
:1054D000000000000A000000F93940000000000050
:1054E0000B000000193A4000000000000C00000012
:1054F00099394000000000000D000000B93940005B
:10550000000000000E000000393A400000000000DA
:105510000F0000008D3A4000000000001000000065
:10552000B93A40000000000011000000E53A4000D8
:105530000000000012000000113B400000000000CD
:10554000130000003D3B400000000000140000007C
:105550005D3B400000000000150000007D3B400066
:1055600000000000160000009D3B4000000000000D
:1055700017000000BD3B40000000000018000000C4
:10558000DD3B400000000000190000009B3D400092
:10559000000000001A000000C73D400000000000AD
:1055A0001B000000E73D4000000000001C00000060
:1055B000073E4000000000001D0000003F3E40008C
:1055C000000000001E0000006B3E400000000000D4
:1055D0001F000000193C40000000000020000000F7
:1055E000513C400000000000210000007D3C4000D4
:1055F00000000000220000009D3C40000000000070
:1056000023000000E33C40000000000024000000F4
:105610001B3D400000000000250000003B3D400015
:1056200000000000260000005B3D4000000000007C
:10563000270000007B3D4000000000002800000023
:10564000E73E40000000000029000000273F400026
:10565000000000002A000000C73E400000000000DB
:105660002B000000073F4000000000002C0000005D
:10567000473F4000000000002D000000A73E400012
:10568000000000002E000000000E0E4000100E4032
:1056900000120E4000140E4000160E40433A2F55E3
:1056A000736572732F416E64657273456D696C4FDB
:1056B0006C73656E2F434C696F6E50726F6A6563D1
:1056C00074732F414C5F6578706C6F72655F5637ED
:1056D000312F7372632F506C6174666F726D2F532C
:1056E000616D5637315F706C6174666F726D2F53E8
:1056F000616D5637315F494F5F70696E2E63707010
:105700000000000050696E2025642E25643A206D4B
:105710006F64653D25642C2025730D0A0000000090
:1057200050696E2025642E25643A20747970653D99
:1057300025642C2025733D25640D0A00433A2F551E
:10574000736572732F416E64657273456D696C4F3A
:105750006C73656E2F434C696F6E50726F6A656330
:1057600074732F414C5F6578706C6F72655F56374C
:10577000312F7372632F506C6174666F726D2F4698
:1057800072656552544F535F706C6174666F726DD1
:105790002F4672656552544F535F71756575652E5E
:1057A0006370706D00000000433A2F55736572738B
:1057B0002F416E64657273456D696C4F6C73656ED5
:1057C0002F434C696F6E50726F6A656374732F411B
:1057D0004C5F6578706C6F72655F5637312F7372EE
:1057E000632F506C6174666F726D2F53616D563705
:1057F000315F706C6174666F726D2F53616D5637D7
:10580000315F5350492E637070000000535049259A
:10581000643A207072693D25642C206270733D25C6
:10582000642C2063706F6C3D25642C20637068616C
:105830003D25640D0A00000000000000000000008B
:10584000194C40003D4C4000E94B4000BB4B400030
:10585000894B4000594B4000000000000000000050
:105860000000000000000000000000000000000038
:105870000000000000000000433A2F55736572736A
:105880002F416E64657273456D696C4F6C73656E04
:105890002F434C696F6E50726F6A656374732F414A
:1058A0004C5F6578706C6F72655F5637312F73721D
:1058B000632F506C6174666F726D2F46726565520E
:1058C000544F535F706C6174666F726D2F467265D2
:1058D0006552544F535F71756575652E6370706DB9
:1058E00000000000433A2F55736572732F416E64B8
:1058F000657273456D696C4F6C73656E2F434C69AF
:105900006F6E50726F6A656374732F414C5F657878
:10591000706C6F72655F5637312F7372632F506CE6
:105920006174666F726D2F53616D5637315F706CA5
:105930006174666F726D2F53616D5637315F5553C9
:105940004152542E637070000000000000000000FF
:1059500085554000A955400053554000235540004F
:10596000ED544000BB544000000000000000000067
:1059700055564000795640008B5440005D5440001D
:1059800029544000F95340000000000000000000CE
:105990000000000000000000000000000000000007
:1059A0000000000000000000433A2F557365727339
:1059B0002F416E64657273456D696C4F6C73656ED3
:1059C0002F434C696F6E50726F6A656374732F4119
:1059D0004C5F6578706C6F72655F5637312F7372EC
:1059E000635F3372642F4672656552544F532F7054
:1059F0006F727461626C652F4743432F41524D5F54
:105A0000434D372F723070312F706F72742E6300D8
:105A10003C3C204552524F523A2000002E203E3E40
:105A20000D00000025730D0A000000000D000000AD
:105A3000257300004552524F523D256C7520494E4A
:105A4000204D4F44554C4520256C582E0D0A000022
:105A50000D2563000D200D00082008000D0000003A
:105A60000D0A546865206B6579776F7264732069DD
:105A70006E206E756D65726963206F726465720D5C
:105A8000000000002030782530326C582025730D3E
:105A90000A0000000D0A0D000D0000002573200013
:105AA00020252D3130730000092F2F202573000091
:105AB00020257300203C25733E00000041542B2517
:105AC000730000003B20092F2F20257300000000E9
:105AD0005F2573003D3C25733E0000002C3C257380
:105AE0003E000000205B3078253032585D252D3196
:105AF00030730000205B3078253032585D2573000C
:105B0000205B3078253032585D3C25733E00000024
:105B10003F000000000000002C2000002573000062
:105B200025733D257300000025733D2564000000AA
:105B30000D0000004D495353494E47204441544104
:105B40002E0000004D495353494E472041524755BE
:105B50004D454E542853290056414C5545204F552C
:105B600054204F462052414E4745000027257327B9
:105B700020495320554E4B4E4F574E00554E4B4EDD
:105B80004F574E20415247554D454E54000000009E
:105B90002725732720495320414D424947554F55EA
:105BA00053000000414D424947554F555320415243
:105BB00047554D454E540000535452494E472053CB
:105BC000495A4520256C75204953204C4152474580
:105BD00052205448414E20256C75000050454E44DB
:105BE000494E470D000000004F4B0D004F4B3D2527
:105BF000640D0A004F4B3D25642C25640D0A0000FE
:105C00004552524F523D25640D0A00004552524FF5
:105C1000523D25730D0A0000000000004661696CCA
:105C2000656420746F20696E697469616C697A6556
:105C3000207468652064656661756C7420636F6E9E
:105C400066696775726174696F6E2E004661696C72
:105C5000656420746F20696E697469616C697A6526
:105C6000207468652070657273697374656E742042
:105C700073746F726167652E0000000025730D0A52
:105C8000000000005265706F3A206765745F6572AE
:105C9000726F723D25642C207365745F6572726F3C
:105CA000723D25640D0A00002532643A2025313208
:105CB00073203D2025386420283078253038582935
:105CC0002025730D0A00000043535F4153494335BB
:105CD0000000000043535F4153494334000000007B
:105CE00043535F41534943330000000043535F4136
:105CF000534943320000000043535F41534943314D
:105D00000000000043535F444143310043535F446C
:105D10004143300043535F465047410053504930A0
:105D20005F4D49534F000000535049305F4D4F5372
:105D300049000000535049305F53434B00000000BE
:105D40005553415254315F5258440000555341520B
:105D500054315F54584400004C454430000000006A
:105D60004C4544310000000000000000000000002D
:105D70000000000000000000000000000000000023
:105D80000000000000000000000000000000000013
:105D90000000000000000000000000000000000003
:105DA00000000000999E4000BD9E40002DF1400083
:105DB00061F14000433A2F55736572732F416E6451
:105DC000657273456D696C4F6C73656E2F434C69DA
:105DD0006F6E50726F6A656374732F414C5F6578A4
:105DE000706C6F72655F5637312F7372635F3372F9
:105DF000642F4672656552544F532F706F727461F1
:105E0000626C652F4D656D4D616E672F68656170C1
:105E10005F342E6300000000433A2F5573657273A0
:105E20002F416E64657273456D696C4F6C73656E5E
:105E30002F434C696F6E50726F6A656374732F41A4
:105E40004C5F6578706C6F72655F5637312F737277
:105E5000635F3372642F4672656552544F532F71DE
:105E6000756575652E63000006000000433A2F55E6
:105E7000736572732F416E64657273456D696C4F03
:105E80006C73656E2F434C696F6E50726F6A6563F9
:105E900074732F414C5F6578706C6F72655F563715
:105EA000312F7372635F3372642F4672656552548B
:105EB0004F532F7461736B732E63000049444C453C
:105EC0000000000009256309257509257509257558
:105ED0000D0A0000546D722053766300433A2F552B
:105EE000736572732F416E64657273456D696C4F93
:105EF0006C73656E2F434C696F6E50726F6A656389
:105F000074732F414C5F6578706C6F72655F5637A4
:105F1000312F7372635F3372642F4672656552541A
:105F20004F532F74696D6572732E6300546D7251F7
:105F30000000000053657269616C5F6E756D62658B
:105F400072000000494445333338305F30000000B0
:105F5000494445333338305F31000000494445330C
:105F60003338305F32000000494445333338305F06
:105F700033000000494445333338305F34000000BB
:105F8000494445333338305F3500000049444533D8
:105F90003338305F36000000494445333338305FD2
:105FA00037000000494445333338305F3800000083
:105FB000494445333338305F3900000049444533A4
:105FC0003338305F31300000494445333338305F77
:105FD00031310000494445333338305F31320000FD
:105FE000494445333338305F313300004944453349
:105FF0003338305F31340000494445333338305F43
:1060000031350000494445333338305F31360000C4
:10601000494445333338305F313700004944453314
:106020003338305F31380000494445333338305F0E
:1060300031390000494445333338305F3230000095
:10604000494445333338305F3231000049444533E9
:106050003338305F32320000494445333338305FE3
:1060600032330000494445333338305F3234000066
:10607000494445333338305F3235000049444533B5
:106080003338305F32360000494445333338305FAF
:1060900032370000494445333338305F323800002E
:1060A000494445333338305F323900004163746905
:1060B00076655F6D6F646500436164656E63655FFF
:1060C00064656D6F00000000436164656E63655F29
:1060D0006E6F6D696E616C00436164656E63655FD0
:1060E00069646C65000000004368616E6E656C5FFA
:1060F00064656D6F000000004368616E6E656C5FE3
:106100006E6F6D696E616C004368616E6E656C5F89
:1061100069646C6500000000466F726D61745F64B5
:10612000656D6F00466F726D61745F69646C6500C8
:10613000466F726D61745F6E6F6D696E616C0000A9
:106140004100000042000000426961735F32354344
:106150000000000043616C5F4144435F33355600EB
:1061600043616C5F4144435F3430560043616C5F70
:106170004441435F3335560043616C5F4441435FA4
:1061800034305600496E746567726174696F6E5F72
:1061900074696D650000000053746172745F746807
:1061A000726573686F6C640053746F705F636F75B2
:1061B0006E740000526561646F75745F636F756E15
:1061C00074000000506564657374616C5F31000099
:1061D000506564657374616C5F320000506564657E
:1061E0007374616C5F330000506564657374616C37
:1061F0005F340000506564657374616C5F35000046
:10620000506564657374616C5F3600005065646549
:106210007374616C5F370000506564657374616C02
:106220005F380000506564657374616C5F3900000D
:10623000506564657374616C5F31300050656465EE
:106240007374616C5F313100506564657374616CA7
:106250005F313200506564657374616C5F31330087
:10626000506564657374616C5F31340050656465BA
:106270007374616C5F313500506564657374616C73
:106280005F31360000000000040000000000000044
:1062900000000000000000000100000004000000F9
:1062A00000000000345F4100000000000200000018
:1062B0000400000023030002445F410000000000CE
:1062C000030000000400000023030002505F4100AF
:1062D000000000000400000004000000230300028E
:1062E0005C5F4100000000000500000004000000A9
:1062F00023030002685F4100000000000600000068
:106300000400000023030002745F4100000000004D
:10631000070000000400000023030002805F41002A
:106320000000000008000000040000002303000239
:106330008C5F410000000000090000000400000024
:1063400023030002985F4100000000000A000000E3
:106350000400000023030002A45F410000000000CD
:106360000B0000000400000023030002B05F4100A6
:10637000000000000C0000000400000023030002E5
:10638000BC5F4100000000000D00000004000000A0
:1063900023030002C85F4100000000000E0000005F
:1063A0000400000023030002D45F4100000000004D
:1063B0000F0000000400000023030002E05F410022
:1063C0000000000010000000040000002303000291
:1063D000EC5F41000000000011000000040000001C
:1063E00023030002F85F41000000000012000000DB
:1063F00004000000C303000004604100000000002E
:10640000130000000400000094940100106041009B
:10641000000000001400000004000000280000003C
:106420001C60410000000000150000000400000096
:106430000900000028604100000000001600000074
:106440000400000000000000346041000000000073
:106450001700000004000000EDFF03004060410051
:106460000000000018000000040000000800000008
:106470004C60410000000000190000000400000012
:10648000FEFF030058604100000000001A000000F9
:1064900004000000617D0000646041000000000015
:1064A0001B000000040000000000000070604100BC
:1064B000000000001C0000000400000000000000BC
:1064C0007C604100000000001D000000040000008E
:1064D0000000000088604100000000001E00000075
:1064E0000400000000000000946041000000000073
:1064F0001F0000000400000000000000A060410038
:106500000000000020000000040000000000000067
:106510000000000000000000210000000400000056
:106520000000000000000000000000002200000049
:106530000400000000000000000000000000000057
:10654000230000000400000002000000AC604100D5
:106550000000000024000000040000000200000011
:10656000B8604100000000002500000004000000A9
:1065700002000000C860410000000000260000008A
:106580000400000002000000D8604100000000008C
:1065900027000000040000000000000000000000D0
:1065A00000000000280000000400000012000000AD
:1065B000E860410000000000290000000400000025
:1065C00012000000F8604100000000002A000000F6
:1065D00004000000120000000861410000000000FB
:1065E0002B0000000400000000000000000000007C
:1065F000000000002C000000040000000200000069
:1066000018614100000000002D000000040000009F
:106610000200000024614100000000002E00000084
:106620000400000002000000306141000000000092
:106630002F00000004000000000000000000000027
:10664000000000003000000004000000A0860100EF
:106650004061410000000000310000000400000023
:1066600010270000446141000000000032000000DB
:10667000040000000000000048614100000000002C
:1066800033000000040000000000000000000000D3
:106690000000000034000000040000004877FFFF05
:1066A00054614100000000003500000004000000BB
:1066B000C063FFFF60614100000000003600000081
:1066C000040000004877FFFF6C61410000000000FB
:1066D0003700000004000000C063FFFF7861410044
:1066E000000000003800000004000000640000000A
:1066F0008461410000000000390000000400000037
:106700006400000098614100000000003A000000B1
:106710000400000064000000A861410000000000C7
:106720003B00000004000000A0860100B4614100AD
:10673000000000003C0000000400000032000000E7
:10674000C4614100000000003D00000004000000A2
:1067500032000000D0614100000000003E00000057
:106760000400000032000000DC6141000000000075
:106770003F0000000400000032000000E86141001A
:106780000000000040000000040000003200000093
:10679000F46141000000000041000000040000001E
:1067A00032000000006241000000000042000000D2
:1067B00004000000320000000C62410000000000F4
:1067C0004300000004000000320000001862410095
:1067D000000000004400000004000000320000003F
:1067E0002462410000000000450000000400000099
:1067F000320000003062410000000000460000004E
:1068000004000000320000003C6241000000000073
:106810004700000004000000320000004862410010
:1068200000000000480000000400000032000000EA
:106830005462410000000000490000000400000014
:106840003200000060624100000000004A000000C9
:1068500004000000320000006C62410000000000F3
:106860004B0000000400000032000000786241008C
:10687000000000004C0000000400000001000000C7
:1068800000000000000000004D00000004000000B7
:106890000100000000000000000000004E000000A9
:1068A00004000000010000000000000000000000E3
:1068B0004F00000004000000010000000000000084
:1068C0000000000050000000040000000100000073
:1068D0000000000000000000510000000400000063
:1068E0000100000000000000000000005200000055
:1068F0000400000001000000000000000000000093
:10690000530000000400000001000000000000002F
:10691000000000005400000004000000010000001E
:10692000000000000000000055000000040000000E
:106930000100000000000000000000005600000000
:106940000400000001000000000000000000000042
:1069500057000000040000000100000000000000DB
:1069600000000000580000000400000001000000CA
:1069700000000000000000005900000004000000BA
:106980000100000000000000000000005A000000AC
:1069900004000000010000000000000000000000F2
:1069A0005B00000004000000010000000000000087
:1069B000000000000000000000000000F99D400001
:1069C0001D9E40008DD14000A1D14000000000007C
:1069D000000000005594400025954000F50140005E
:1069E0002D0240005072696D617279207461736B81
:1069F000000000000000000000000000319740008F
:106A0000559740004102400009E740006502400000
:106A100000000000000000007D984000B998400090
:106A2000090440000000000000000000DD98400064
:106A300001994000FD3B4000A90540000B064000C5
:106A400099064000C10640002B0740006905400040
:106A5000710640009D0740003F0940000F084000BC
:106A60007108400099084000F5084000C108400046
:106A7000DD0740000000000000000000D19A400047
:106A8000F59A40008B3E4000D5094000F1094000D6
:106A9000310A4000850A4000B50A4000810B4000E1
:106AA0000000000000000000659940009D99400032
:106AB000713A4000C90B4000390C4000A90C40005D
:106AC000190D400029104000890D4000490E40007A
:106AD000E90D4000850F4000551040000000000007
:106AE00000000000599B40007D9B4000253840007D
:106AF0003B12400095124000EF1240004913400045
:106B0000B31340001D14400085144000B114400030
:106B100000000000000000009D9B4000C19B400061
:106B20007D394000D9164000791640007B154000A1
:106B3000DB1540001B1540003D1640000000000022
:106B400000000000D58C4000258D40007F184000DB
:106B50002DDB400045DB40005DDB4000C9194000F3
:106B60000000000000000000DD9140002592400080
:106B7000EF1940000D1B4000451A4000BD1A4000AF
:106B800081DB4000411B40001A1A1A1A1A1A1A1AFD
:106B90001A1A1A1A1A1A1A1A0E18170608120613AF
:106BA0000F0602020101110C1C0000000000000091
:106BB00000000000C1994000E599400079E14000E3
:106BC000912D400099E14000C12C400000000000E0
:106BD00000000000099A40002D9A400025E2400084
:106BE00045E240008DE240005532400000000000C8
:106BF00000000000F99740001D98400061E440004B
:106C00000000000000000000000000000000000084
:106C10008B3E40000000000000000000000000006B
:106C20000000000000000000000000000000000064
:106C3000000000000000000000000000FD3B4000DC
:106C40000000000000000000000000000000000044
:106C50000000000000000000000000000000000034
:106C60000000000000000000000000000000000024
:106C70000000000000000000000000000000000014
:106C8000000000000000000000000000713A400019
:106C900000000000000000000000000000000000F4
:106CA00000000000000000000000000000000000E4
:106CB00000000000000000000000000000000000D4
:106CC00000000000000000007D39400000000000CE
:106CD00000000000000000000000000000000000B4
:106CE00000000000000000000000000000000000A4
:106CF00000000000253840000000000000000000F7
:106D00000000000000000000000000000000000083
:106D10000000000000000000433A2F5573657273B5
:106D20002F416E64657273456D696C4F6C73656E4F
:106D30002F434C696F6E50726F6A656374732F4195
:106D40004C5F6578706C6F72655F5637312F737268
:106D5000632F506C6174666F726D2F467265655259
:106D6000544F535F706C6174666F726D2F4672651D
:106D70006552544F535F73656D6170686F72652E15
:106D80006370706D00000000000000000000000053
:106D9000B59D4000D99D4000C5E54000EFE54000AD
:106DA00019E6400045E64000433A2F55736572737B
:106DB0002F416E64657273456D696C4F6C73656EBF
:106DC0002F434C696F6E50726F6A656374732F4105
:106DD0004C5F6578706C6F72655F5637312F7372D8
:106DE000632F506C6174666F726D2F4672656552C9
:106DF000544F535F706C6174666F726D2F4672658D
:106E00006552544F535F7461736B2E6370706D00E5
:106E1000257320737461727465643A207072693DE1
:106E200025642C20737461636B3D25640D0A00009A
:106E30000000000000000000000000000000000052
:106E40000000000009E74000000000000000000012
:106E500000000000199340003D934000F1434000C2
:106E600009E840006E75000000000000000000000E
:106E7000499240006D9240004946400095E840002C
:106E8000DF464000134740003D4740006747400051
:106E9000BB474000F5474000ABE840000000000061
:106EA00000000000A58D4000D58D4000794E4000C7
:106EB000955240000000000000000000498D400095
:106EC000818D400045584000095B40000BE94000BF
:106ED000495B40001FE9400053E94000000000000A
:106EE0000000000005964000419640001D6B4000E8
:106EF000436F6E736F6C65207472616E736D69742D
:106F000074657200000000000000000065964000FB
:106F10008996400035EA400009E74000016B4000D7
:106F2000436F6E736F6C6520726563656976657219
:106F3000000000000000000000000000A9964000D2
:106F4000CD96400051EB400009E74000BB65400092
:106F5000486561727462656174207461736B0000CE
:106F60000000000000000000C1954000E5954000D1
:106F7000436B400009E74000776B400000000000D1
:106F80000000000000000000000000000000000001
:106F900000000000000000000000000000000000F1
:106FA0000000000000000000766F6964000000002F
:106FB00064656661756C7400636163686564000094
:106FC00073617665640000006C6F61646564000045
:106FD0006368616E676564007772697465206661D5
:106FE000696C656400000000666C6173682066610E
:106FF000696C6564000000003F00000000000000B4
:1070000000000000ED9C40000D9D4000AD87400059
:10701000F5EF40000000000000000000A99C4000C7
:10702000CD9C4000C3F04000D5F040001FF0400070
:1070300035F040004BF0400061F040007BF0400034
:1070400093F04000ADF040000000000000000000A0
:107050000000000000000000000000000000000030
:107060000000000000000000000000000000000020
:107070000000000000000000000000000000000010
:107080000000000000000000000000000000000000
:1070900000000000000000000000000000000000F0
:1070A00000000000000000000000000000000000E0
:1070B00000000000000000000000000000000000D0
:1070C00000000000000000000000000000000000C0
:1070D00000000000000000000000000000000000B0
:1070E00000000000000000000000000000000000A0
:1070F0000000000000000000000000000000000090
:10710000000000000000000000000000000000007F
:10711000000000000000000000000000000000006F
:10712000000000000000000000000000000000005F
:10713000000000000000000000000000000000004F
:10714000000000000000000000000000000000003F
:10715000000000000000000000000000000000002F
:10716000000000000000000000000000000000001F
:10717000000000000000000000000000000000000F
:1071800000000000000000000000000000000000FF
:1071900000000000000000000000000000000000EF
:1071A000000000000000000000000000A98A40006C
:1071B000C98A40002DF1400061F14000000000004C
:1071C00000000000000000000000000000000000BF
:1071D00000000000000000000000000000000000AF
:1071E000000000000000000000000000000000009F
:1071F000000000000000000000000000000000008F
:1072000000000000F98D40001D8E4000C9F24000D2
:107210002E006E6600696E69747900616E0043002D
:10722000504F5349580042616C6C6F632073756313
:10723000636565646564002F7661722F746D702FCD
:107240006A656E6B696E732F776F726B73706163B3
:10725000652F676E755F746F6F6C636861696E73BD
:107260002F61726D5F6275696C64732F61726D2D31
:1072700031352F7372632F6E65776C69622D637978
:107280006777696E2F6E65776C69622F6C696263D0
:107290002F7374646C69622F6764746F612D676506
:1072A000746865782E63005245454E54206D616CBC
:1072B0006C6F6320737563636565646564002F7626
:1072C00061722F746D702F6A656E6B696E732F77A4
:1072D0006F726B73706163652F676E755F746F6F2C
:1072E0006C636861696E732F61726D5F6275696C42
:1072F00064732F61726D2D31352F7372632F6E653C
:10730000776C69622D63796777696E2F6E65776C2C
:1073100069622F6C6962632F7374646C69622F6D8C
:10732000707265632E6300232D302B2000686C4C37
:1073300000656667454647003031323334353637AD
:1073400038394142434445460030313233343536D2
:10735000373839616263646566002C2066756E6338
:1073600074696F6E3A2000617373657274696F6E31
:107370002022257322206661696C65643A20666963
:107380006C6520222573222C206C696E6520256493
:10739000257325730A00000034000000CEFBFFFFB8
:1073A000CB030000010000000000000035000000D9
:1073B000CEFBFFFFCB030000010000000000000037
:1073C000BC89D897B2D29C3C33A7A8D523F64939BB
:1073D0003DA7F444FD0FA5329D978CCF08BA5B25DD
:1073E000436FAC6428066811002020202020202054
:1073F0002020282828282820202020202020202065
:107400002020202020202020208810101010101074
:1074100010101010101010101004040404040404C0
:10742000040404101010101010104141414141415A
:10743000010101010101010101010101010101013C
:10744000010101011010101010104242424242424C
:10745000020202020202020202020202020202020C
:1074600002020202101010102000000000000000B4
:10747000000000000000000000000000000000000C
:1074800000000000000000000000000000000000FC
:1074900000000000000000000000000000000000EC
:1074A00000000000000000000000000000000000DC
:1074B00000000000000000000000000000000000CC
:1074C00000000000000000000000000000000000BC
:1074D00000000000000000000000000000000000AC
:1074E0000000000000000000000000000500000097
:1074F000190000007D0000000080E03779C341439F
:10750000176E05B5B5B89346F5F93FE9034F384D09
:10751000321D30F94877825A3CBF737FDD4F1575B5
:10752000000000000000F03F0000000000002440C8
:1075300000000000000059400000000000408F40A3
:10754000000000000088C34000000000006AF8400E
:107550000000000080842E4100000000D012634132
:107560000000000084D797410000000065CDCD41A8
:10757000000000205FA00242000000E87648374289
:10758000000000A2941A6D42000040E59C30A24227
:107590000000901EC4BCD64200003426F56B0C439C
:1075A0000080E03779C3414300A0D8855734764343
:1075B00000C84E676DC1AB43003D9160E458E143A4
:1075C000408CB5781DAF154450EFE2D6E41A4B4419
:1075D00092D54D06CFF08044F64AE1C7022DB5445E
:1075E000B49DD9794378EA44F8B500BFF8BC08BC2B
:1075F0009E467047D1014000499F4000F8B500BF4A
:0C760000F8BC08BC9E467047A901400081
:08760C00347EFF7F0100000045
:0C761400207641000000402083000000B0
:107620000000000001000000001BB70000800040C7
:107630001500000005000000008002400E00000060
:10764000050000000E000000AAAAAAAA0700000078
:107650000100000000000000000000000000000029
:10766000105B41000000000003000000D4814320B3
:1076700043000000000000000000000000000000C7
:1076800000000000000000000000000000000000FA
:1076900043000000000000000000000000000000A7
:1076A00000000000000000000000000000000000DA
:1076B0004300000000000000000000000000000087
:1076C00000000000000000000000000000000000BA
:1076D0004300000000000000000000000000000067
:1076E000000000000000000000000000000000009A
:1076F0004300000000000000000000000000000047
:107700000000000000000000000000000000000079
:107710004300000000000000000000000000000026
:107720000000000000000000000000000000000059
:107730004300000000000000000000000000000006
:107740000000000000000000000000000000000039
:107750001B1F41006F15410000000000E87341004D
:10776000107241009573410095734100957341007B
:1077700095734100957341009573410095734100E5
:107780009573410095734100FFFFFFFFFFFFFFFF6F
:10779000FFFFFFFFFFFF0000010041534349490085
:1077A00000000000000000000000000000000000D9
:1077B0000000000000000000000041534349490060
:1077C00000000000000000000000000000000000B9
:1077D000000000000000000000000000C001402088
:1077E00000000000D48143203C824320A482432037
:1077F0000000000000000000000000000000000089
:107800000000000000000000000000000000000078
:107810000000000000000000000000000000000068
:0C7820000000000000000000000000005C
:0400000500405BB5A7
:00000001FF
